APC,Prov_State,OutptSvcs,AvgEstSubChg,AvgTotPay
0012 - Level I Debridement & Destruction,AK,295,220.88,115.82
0012 - Level I Debridement & Destruction,AL,955,545.94,70
0012 - Level I Debridement & Destruction,AR,975,297.69,80.08
0012 - Level I Debridement & Destruction,AZ,700,383.83,91.06
0012 - Level I Debridement & Destruction,CA,3350,481.04,113.34
0012 - Level I Debridement & Destruction,CO,1013,515.05,83.83
0012 - Level I Debridement & Destruction,CT,1105,327.04,105.97
0012 - Level I Debridement & Destruction,DC,119,459.3,81.31
0012 - Level I Debridement & Destruction,DE,78,433.24,95.81
0012 - Level I Debridement & Destruction,FL,2917,517.67,85.59
0012 - Level I Debridement & Destruction,GA,1984,717.6,79.94
0012 - Level I Debridement & Destruction,HI,167,204.43,110.36
0012 - Level I Debridement & Destruction,IA,2330,216.23,90.31
0012 - Level I Debridement & Destruction,ID,787,200.93,82.94
0012 - Level I Debridement & Destruction,IL,4357,337.15,83.36
0012 - Level I Debridement & Destruction,IN,2099,339.26,85.12
0012 - Level I Debridement & Destruction,KS,1352,296.27,86.46
0012 - Level I Debridement & Destruction,KY,852,493.89,81.55
0012 - Level I Debridement & Destruction,LA,482,514.95,59.7
0012 - Level I Debridement & Destruction,MA,2284,433.07,99.93
0012 - Level I Debridement & Destruction,ME,1221,181.8,84.79
0012 - Level I Debridement & Destruction,MI,3019,260.16,90.46
0012 - Level I Debridement & Destruction,MN,2861,207.67,85.56
0012 - Level I Debridement & Destruction,MO,1533,368.72,86.63
0012 - Level I Debridement & Destruction,MS,565,531.93,75.66
0012 - Level I Debridement & Destruction,MT,911,169.93,90.93
0012 - Level I Debridement & Destruction,NC,2362,372.45,85.04
0012 - Level I Debridement & Destruction,ND,1831,201.48,93.07
0012 - Level I Debridement & Destruction,NE,1202,302.85,87.05
0012 - Level I Debridement & Destruction,NH,1331,259.94,90.12
0012 - Level I Debridement & Destruction,NJ,1250,517.1,89.57
0012 - Level I Debridement & Destruction,NM,322,748.98,87.48
0012 - Level I Debridement & Destruction,NV,432,536.08,89.9
0012 - Level I Debridement & Destruction,NY,2659,271.47,91.89
0012 - Level I Debridement & Destruction,OH,4470,270.68,87.85
0012 - Level I Debridement & Destruction,OK,978,407.96,81.52
0012 - Level I Debridement & Destruction,OR,1884,241.25,97.02
0012 - Level I Debridement & Destruction,PA,3513,492.05,85.9
0012 - Level I Debridement & Destruction,RI,110,489.48,94.4
0012 - Level I Debridement & Destruction,SC,815,511.67,81.48
0012 - Level I Debridement & Destruction,SD,1453,250.24,94.32
0012 - Level I Debridement & Destruction,TN,742,512.14,65.38
0012 - Level I Debridement & Destruction,TX,5284,459.27,77.98
0012 - Level I Debridement & Destruction,UT,1065,359.32,86.52
0012 - Level I Debridement & Destruction,VA,1726,370.11,87.99
0012 - Level I Debridement & Destruction,VT,529,316.42,84.09
0012 - Level I Debridement & Destruction,WA,1499,309.27,97.35
0012 - Level I Debridement & Destruction,WI,4744,244.9,87.51
0012 - Level I Debridement & Destruction,WV,499,323.13,81.17
0012 - Level I Debridement & Destruction,WY,202,337.56,92.19
0015 - Level II Debridement & Destruction,AK,2008,440.87,171.72
0015 - Level II Debridement & Destruction,AL,11173,648.36,119.15
0015 - Level II Debridement & Destruction,AR,8964,419.82,124.79
0015 - Level II Debridement & Destruction,AZ,9957,614.38,136.74
0015 - Level II Debridement & Destruction,CA,33867,650.66,161.57
0015 - Level II Debridement & Destruction,CO,8412,485,135.7
0015 - Level II Debridement & Destruction,CT,13000,454.83,157.48
0015 - Level II Debridement & Destruction,DC,1978,570.15,134.72
0015 - Level II Debridement & Destruction,DE,3535,363.01,139.94
0015 - Level II Debridement & Destruction,FL,37005,617.83,127.95
0015 - Level II Debridement & Destruction,GA,15787,519.74,123.12
0015 - Level II Debridement & Destruction,HI,901,319.1,142.66
0015 - Level II Debridement & Destruction,IA,15937,521.06,129.22
0015 - Level II Debridement & Destruction,ID,3062,253.31,126.09
0015 - Level II Debridement & Destruction,IL,34767,560.51,132.56
0015 - Level II Debridement & Destruction,IN,15833,476.28,123.53
0015 - Level II Debridement & Destruction,KS,10473,513.14,126.36
0015 - Level II Debridement & Destruction,KY,8112,606.62,123.48
0015 - Level II Debridement & Destruction,LA,10607,423.57,114.93
0015 - Level II Debridement & Destruction,MA,22606,540.47,159.84
0015 - Level II Debridement & Destruction,ME,9232,271.5,136.57
0015 - Level II Debridement & Destruction,MI,24640,392.37,132.52
0015 - Level II Debridement & Destruction,MN,19429,294.66,136.59
0015 - Level II Debridement & Destruction,MO,15472,516.73,128.32
0015 - Level II Debridement & Destruction,MS,7166,691.58,118.45
0015 - Level II Debridement & Destruction,MT,4058,174.81,137.9
0015 - Level II Debridement & Destruction,NC,28548,422.11,125.6
0015 - Level II Debridement & Destruction,ND,7558,263.45,134.84
0015 - Level II Debridement & Destruction,NE,5161,380.75,132.15
0015 - Level II Debridement & Destruction,NH,12757,415.51,149.93
0015 - Level II Debridement & Destruction,NJ,11840,698.64,147.28
0015 - Level II Debridement & Destruction,NM,3420,300.07,129.58
0015 - Level II Debridement & Destruction,NV,4672,551.96,147.8
0015 - Level II Debridement & Destruction,NY,27320,474.18,140.96
0015 - Level II Debridement & Destruction,OH,21809,451.68,128.11
0015 - Level II Debridement & Destruction,OK,10178,687.48,122.59
0015 - Level II Debridement & Destruction,OR,7864,349.02,148.26
0015 - Level II Debridement & Destruction,PA,35596,566.26,131.37
0015 - Level II Debridement & Destruction,RI,1845,724.5,151.35
0015 - Level II Debridement & Destruction,SC,7712,501.32,126.29
0015 - Level II Debridement & Destruction,SD,8295,298.3,127.76
0015 - Level II Debridement & Destruction,TN,12957,506.82,120.08
0015 - Level II Debridement & Destruction,TX,36388,654.05,125.57
0015 - Level II Debridement & Destruction,UT,5578,399.67,130.23
0015 - Level II Debridement & Destruction,VA,14479,434.62,128.94
0015 - Level II Debridement & Destruction,VT,3468,348.42,136.29
0015 - Level II Debridement & Destruction,WA,14554,379.47,143.24
0015 - Level II Debridement & Destruction,WI,24728,357.33,132.89
0015 - Level II Debridement & Destruction,WV,2750,469.18,124.51
0015 - Level II Debridement & Destruction,WY,2400,531.79,135.57
0017 - Level IV Debridement & Destruction,AL,35,9641.87,1096.8
0017 - Level IV Debridement & Destruction,AR,24,6788.84,1149.32
0017 - Level IV Debridement & Destruction,CA,169,10353.64,1674.33
0017 - Level IV Debridement & Destruction,CT,35,6299.22,1430.21
0017 - Level IV Debridement & Destruction,FL,81,14588.88,1200.91
0017 - Level IV Debridement & Destruction,GA,51,7949.77,1113.96
0017 - Level IV Debridement & Destruction,IA,11,10438.34,1132.97
0017 - Level IV Debridement & Destruction,ID,12,4107.14,1218.06
0017 - Level IV Debridement & Destruction,IL,86,8238.52,1243.21
0017 - Level IV Debridement & Destruction,IN,33,8846.73,1183.8
0017 - Level IV Debridement & Destruction,KY,41,9062.72,1131.29
0017 - Level IV Debridement & Destruction,LA,19,7732.04,1079.92
0017 - Level IV Debridement & Destruction,MA,81,3804.72,1470.54
0017 - Level IV Debridement & Destruction,ME,40,1881.68,1240.41
0017 - Level IV Debridement & Destruction,MI,97,5917.43,1214.65
0017 - Level IV Debridement & Destruction,MN,44,5895.06,1339.99
0017 - Level IV Debridement & Destruction,MO,49,7578.53,1157.48
0017 - Level IV Debridement & Destruction,MS,16,10442.64,1121.86
0017 - Level IV Debridement & Destruction,NC,70,7128.61,1157.03
0017 - Level IV Debridement & Destruction,ND,15,2002.47,1267.12
0017 - Level IV Debridement & Destruction,NH,11,3985.58,1375.96
0017 - Level IV Debridement & Destruction,NJ,30,10392.39,1446.67
0017 - Level IV Debridement & Destruction,NM,11,4639.77,1296.23
0017 - Level IV Debridement & Destruction,NY,86,5471.65,1302.12
0017 - Level IV Debridement & Destruction,OH,66,8539.35,1186.04
0017 - Level IV Debridement & Destruction,OK,13,17765.65,1204.65
0017 - Level IV Debridement & Destruction,PA,85,11608.48,1209.9
0017 - Level IV Debridement & Destruction,SC,37,8929.03,1138.5
0017 - Level IV Debridement & Destruction,SD,12,6584.18,1289.61
0017 - Level IV Debridement & Destruction,TN,58,8969.85,1123.16
0017 - Level IV Debridement & Destruction,TX,140,6092.91,1152.35
0017 - Level IV Debridement & Destruction,VA,48,13596.68,1177.35
0017 - Level IV Debridement & Destruction,WA,31,6628.35,1375.01
0017 - Level IV Debridement & Destruction,WI,34,4305.21,1266.53
0017 - Level IV Debridement & Destruction,WV,17,6342.45,1044.04
0019 - Level I Excision/ Biopsy,AK,30,1193.53,454.49
0019 - Level I Excision/ Biopsy,AL,341,4911.15,301
0019 - Level I Excision/ Biopsy,AR,202,2813.09,313.22
0019 - Level I Excision/ Biopsy,AZ,93,4372.25,329.86
0019 - Level I Excision/ Biopsy,CA,633,5724.01,450.3
0019 - Level I Excision/ Biopsy,CO,144,2394.85,341.97
0019 - Level I Excision/ Biopsy,CT,149,2780.66,408.45
0019 - Level I Excision/ Biopsy,DC,39,4388.23,367.31
0019 - Level I Excision/ Biopsy,DE,42,2082.45,371.9
0019 - Level I Excision/ Biopsy,FL,400,6909.55,344.96
0019 - Level I Excision/ Biopsy,GA,240,4012.79,342.86
0019 - Level I Excision/ Biopsy,HI,36,1149.22,421.79
0019 - Level I Excision/ Biopsy,IA,282,1037.89,330.97
0019 - Level I Excision/ Biopsy,ID,279,316.36,333.72
0019 - Level I Excision/ Biopsy,IL,932,2946.89,358.29
0019 - Level I Excision/ Biopsy,IN,273,5428.36,350.38
0019 - Level I Excision/ Biopsy,KS,94,3454.31,331.03
0019 - Level I Excision/ Biopsy,KY,290,5031.77,330.44
0019 - Level I Excision/ Biopsy,LA,237,3384.49,305.23
0019 - Level I Excision/ Biopsy,MA,721,1894.84,434.25
0019 - Level I Excision/ Biopsy,ME,609,766.52,351.32
0019 - Level I Excision/ Biopsy,MI,820,1798.49,349.17
0019 - Level I Excision/ Biopsy,MN,1211,752.39,366.29
0019 - Level I Excision/ Biopsy,MO,516,2197.84,331.58
0019 - Level I Excision/ Biopsy,MS,92,4807.22,303.84
0019 - Level I Excision/ Biopsy,MT,277,389,347.02
0019 - Level I Excision/ Biopsy,NC,442,2531.1,319.8
0019 - Level I Excision/ Biopsy,ND,571,623.85,348.71
0019 - Level I Excision/ Biopsy,NE,26,6502.84,357.61
0019 - Level I Excision/ Biopsy,NH,354,957.67,389.8
0019 - Level I Excision/ Biopsy,NJ,247,5730.55,414.12
0019 - Level I Excision/ Biopsy,NM,147,1879.18,328.57
0019 - Level I Excision/ Biopsy,NY,1047,2027.04,366.21
0019 - Level I Excision/ Biopsy,OH,1019,2311.84,331.08
0019 - Level I Excision/ Biopsy,OK,169,2807.53,304.2
0019 - Level I Excision/ Biopsy,OR,170,1279.91,373.14
0019 - Level I Excision/ Biopsy,PA,688,4117.22,336.5
0019 - Level I Excision/ Biopsy,RI,78,2558.35,405.62
0019 - Level I Excision/ Biopsy,SC,136,5291.59,308.05
0019 - Level I Excision/ Biopsy,SD,441,528.94,353.05
0019 - Level I Excision/ Biopsy,TN,168,4861.35,313.52
0019 - Level I Excision/ Biopsy,TX,1049,3286.05,326.67
0019 - Level I Excision/ Biopsy,UT,88,1493.51,349.15
0019 - Level I Excision/ Biopsy,VA,782,2157.44,326.79
0019 - Level I Excision/ Biopsy,VT,161,912.3,375.29
0019 - Level I Excision/ Biopsy,WA,675,900.72,374.38
0019 - Level I Excision/ Biopsy,WI,1010,953.88,349.1
0019 - Level I Excision/ Biopsy,WV,189,2363.11,296.04
0020 - Level II Excision/ Biopsy,AK,58,5876.59,979.43
0020 - Level II Excision/ Biopsy,AL,1757,6552.08,703.45
0020 - Level II Excision/ Biopsy,AR,722,4582.63,718.73
0020 - Level II Excision/ Biopsy,AZ,1425,8023.14,817.27
0020 - Level II Excision/ Biopsy,CA,5204,7307.9,983.58
0020 - Level II Excision/ Biopsy,CO,829,6847.66,785.08
0020 - Level II Excision/ Biopsy,CT,909,4617.75,923.47
0020 - Level II Excision/ Biopsy,DC,153,7611.62,801.48
0020 - Level II Excision/ Biopsy,DE,193,3528.79,817.28
0020 - Level II Excision/ Biopsy,FL,2989,8007.97,757.69
0020 - Level II Excision/ Biopsy,GA,1786,6343.52,746.18
0020 - Level II Excision/ Biopsy,HI,130,5694.67,902.13
0020 - Level II Excision/ Biopsy,IA,581,4093.82,755.5
0020 - Level II Excision/ Biopsy,ID,459,2964.21,760.75
0020 - Level II Excision/ Biopsy,IL,2394,5580.14,792.48
0020 - Level II Excision/ Biopsy,IN,1874,6043.15,780.97
0020 - Level II Excision/ Biopsy,KS,760,6576.82,746.77
0020 - Level II Excision/ Biopsy,KY,1336,5812.68,723.53
0020 - Level II Excision/ Biopsy,LA,1430,5582.85,694.62
0020 - Level II Excision/ Biopsy,MA,2161,3068.15,962.69
0020 - Level II Excision/ Biopsy,ME,731,2885.21,790.24
0020 - Level II Excision/ Biopsy,MI,3291,3485.92,787.14
0020 - Level II Excision/ Biopsy,MN,2339,2813.29,836.57
0020 - Level II Excision/ Biopsy,MO,1757,5687.45,749.01
0020 - Level II Excision/ Biopsy,MS,875,5619.68,699.78
0020 - Level II Excision/ Biopsy,MT,388,2520.55,812.87
0020 - Level II Excision/ Biopsy,NC,2117,4083,736.66
0020 - Level II Excision/ Biopsy,ND,564,2779.73,820.36
0020 - Level II Excision/ Biopsy,NE,670,4682.77,784.15
0020 - Level II Excision/ Biopsy,NH,584,3321.05,890.25
0020 - Level II Excision/ Biopsy,NJ,1581,6389.86,913
0020 - Level II Excision/ Biopsy,NM,339,6515.71,757.4
0020 - Level II Excision/ Biopsy,NV,332,7020.96,853.79
0020 - Level II Excision/ Biopsy,NY,3268,4460.12,856.64
0020 - Level II Excision/ Biopsy,OH,2996,4598.6,744.72
0020 - Level II Excision/ Biopsy,OK,1102,5807.68,720.28
0020 - Level II Excision/ Biopsy,OR,593,4575.84,921.85
0020 - Level II Excision/ Biopsy,PA,3017,6994.76,778.2
0020 - Level II Excision/ Biopsy,RI,299,3032.05,888.58
0020 - Level II Excision/ Biopsy,SC,1159,6489.53,729.3
0020 - Level II Excision/ Biopsy,SD,579,4093.71,801.16
0020 - Level II Excision/ Biopsy,TN,1639,5415.44,717.49
0020 - Level II Excision/ Biopsy,TX,3461,8195.8,740.96
0020 - Level II Excision/ Biopsy,UT,543,3106.76,767.68
0020 - Level II Excision/ Biopsy,VA,2025,6059.98,748.36
0020 - Level II Excision/ Biopsy,VT,252,2165.69,834.78
0020 - Level II Excision/ Biopsy,WA,1807,4461.13,863.64
0020 - Level II Excision/ Biopsy,WI,1866,3764.4,797.98
0020 - Level II Excision/ Biopsy,WV,896,3745.27,695.32
0020 - Level II Excision/ Biopsy,WY,64,5023.15,846.59
0073 - Level III Endoscopy Upper Airway,AL,498,5098.21,1010.12
0073 - Level III Endoscopy Upper Airway,AR,52,5919.1,1085.09
0073 - Level III Endoscopy Upper Airway,AZ,111,7487.7,1175.61
0073 - Level III Endoscopy Upper Airway,CA,974,7024.64,1422.84
0073 - Level III Endoscopy Upper Airway,CO,88,8819.61,1195.17
0073 - Level III Endoscopy Upper Airway,CT,59,7622.36,1338.17
0073 - Level III Endoscopy Upper Airway,DC,54,6553.11,1231.51
0073 - Level III Endoscopy Upper Airway,DE,17,7225.64,1234.88
0073 - Level III Endoscopy Upper Airway,FL,332,8989.67,1051.09
0073 - Level III Endoscopy Upper Airway,GA,187,7956.12,1122.44
0073 - Level III Endoscopy Upper Airway,HI,18,2492.28,1325.63
0073 - Level III Endoscopy Upper Airway,IA,121,6722.49,1069.12
0073 - Level III Endoscopy Upper Airway,ID,115,1505.8,1020.99
0073 - Level III Endoscopy Upper Airway,IL,504,5777.64,1141.94
0073 - Level III Endoscopy Upper Airway,IN,120,7823.24,1150.88
0073 - Level III Endoscopy Upper Airway,KS,69,5553.81,1017.71
0073 - Level III Endoscopy Upper Airway,KY,49,9860.4,1038.08
0073 - Level III Endoscopy Upper Airway,LA,180,6356.3,1047.1
0073 - Level III Endoscopy Upper Airway,MA,800,2376.95,1277.46
0073 - Level III Endoscopy Upper Airway,ME,156,1900.91,1154.62
0073 - Level III Endoscopy Upper Airway,MI,313,3777.52,1175.25
0073 - Level III Endoscopy Upper Airway,MN,323,4030.88,1243.92
0073 - Level III Endoscopy Upper Airway,MO,302,5454.99,1052.81
0073 - Level III Endoscopy Upper Airway,MS,50,9309.72,1044.49
0073 - Level III Endoscopy Upper Airway,MT,37,1960.32,1169.93
0073 - Level III Endoscopy Upper Airway,NC,510,3752.83,1016.28
0073 - Level III Endoscopy Upper Airway,ND,132,1694.21,1040.14
0073 - Level III Endoscopy Upper Airway,NE,57,5289.16,1172.26
0073 - Level III Endoscopy Upper Airway,NH,116,3356.39,1200.84
0073 - Level III Endoscopy Upper Airway,NJ,104,8840.85,1327.92
0073 - Level III Endoscopy Upper Airway,NM,25,8123.77,1197.78
0073 - Level III Endoscopy Upper Airway,NV,24,14831.94,1257.57
0073 - Level III Endoscopy Upper Airway,NY,329,4889.57,1249.39
0073 - Level III Endoscopy Upper Airway,OH,534,4781.99,1138.96
0073 - Level III Endoscopy Upper Airway,OK,66,9924.63,1072.86
0073 - Level III Endoscopy Upper Airway,OR,256,2584.61,1133.48
0073 - Level III Endoscopy Upper Airway,PA,622,4703.67,1136.47
0073 - Level III Endoscopy Upper Airway,SC,115,7693.72,1089.67
0073 - Level III Endoscopy Upper Airway,SD,61,3013.21,1263.92
0073 - Level III Endoscopy Upper Airway,TN,323,5473.53,1047.27
0073 - Level III Endoscopy Upper Airway,TX,397,8207.1,1139.39
0073 - Level III Endoscopy Upper Airway,UT,106,3064.31,1116.17
0073 - Level III Endoscopy Upper Airway,VA,234,6471.77,1095.39
0073 - Level III Endoscopy Upper Airway,VT,142,1290.69,1226.69
0073 - Level III Endoscopy Upper Airway,WA,215,5011.06,1180.82
0073 - Level III Endoscopy Upper Airway,WI,336,3071.79,1129.98
0073 - Level III Endoscopy Upper Airway,WV,67,5459.51,1018.07
0074 - Level IV Endoscopy Upper Airway,AL,366,11776.62,1688.63
0074 - Level IV Endoscopy Upper Airway,AR,169,9238.84,1781.77
0074 - Level IV Endoscopy Upper Airway,AZ,180,14804.59,1981.57
0074 - Level IV Endoscopy Upper Airway,CA,830,20497.18,2446.93
0074 - Level IV Endoscopy Upper Airway,CO,123,14975.62,1951.07
0074 - Level IV Endoscopy Upper Airway,CT,218,8798,2226.48
0074 - Level IV Endoscopy Upper Airway,DC,57,13498.57,1968.22
0074 - Level IV Endoscopy Upper Airway,DE,76,7029.8,1996.21
0074 - Level IV Endoscopy Upper Airway,FL,842,18160.48,1835.39
0074 - Level IV Endoscopy Upper Airway,GA,576,10393.71,1819.4
0074 - Level IV Endoscopy Upper Airway,HI,26,10668.3,2116.63
0074 - Level IV Endoscopy Upper Airway,IA,175,9663.02,1823.87
0074 - Level IV Endoscopy Upper Airway,ID,22,5946.07,1807.85
0074 - Level IV Endoscopy Upper Airway,IL,566,13216.89,1864.89
0074 - Level IV Endoscopy Upper Airway,IN,333,10519.96,1847.57
0074 - Level IV Endoscopy Upper Airway,KS,160,9618.28,1842.57
0074 - Level IV Endoscopy Upper Airway,KY,308,10458.77,1792.4
0074 - Level IV Endoscopy Upper Airway,LA,226,12506.8,1657.93
0074 - Level IV Endoscopy Upper Airway,MA,659,7205.35,2319.91
0074 - Level IV Endoscopy Upper Airway,ME,107,6172.75,1941.81
0074 - Level IV Endoscopy Upper Airway,MI,570,7990.75,1902.13
0074 - Level IV Endoscopy Upper Airway,MN,287,9964.83,2074.31
0074 - Level IV Endoscopy Upper Airway,MO,486,11247.25,1785.68
0074 - Level IV Endoscopy Upper Airway,MS,159,10717.97,1676.81
0074 - Level IV Endoscopy Upper Airway,MT,44,6524.72,2006.83
0074 - Level IV Endoscopy Upper Airway,NC,583,10093.69,1809.23
0074 - Level IV Endoscopy Upper Airway,ND,67,6832.05,1922.28
0074 - Level IV Endoscopy Upper Airway,NE,116,9283.98,1874.01
0074 - Level IV Endoscopy Upper Airway,NH,76,10785.3,2145.62
0074 - Level IV Endoscopy Upper Airway,NJ,284,11786.93,2232.63
0074 - Level IV Endoscopy Upper Airway,NM,58,10024.45,1805.31
0074 - Level IV Endoscopy Upper Airway,NV,92,13513.43,2053.55
0074 - Level IV Endoscopy Upper Airway,NY,712,9498.83,2112.88
0074 - Level IV Endoscopy Upper Airway,OH,507,11916.25,1804.9
0074 - Level IV Endoscopy Upper Airway,OK,229,11014.72,1722.43
0074 - Level IV Endoscopy Upper Airway,OR,120,9358.73,2073.15
0074 - Level IV Endoscopy Upper Airway,PA,639,16420.92,1930.23
0074 - Level IV Endoscopy Upper Airway,RI,33,6230.42,2089.49
0074 - Level IV Endoscopy Upper Airway,SC,281,12532.99,1785.88
0074 - Level IV Endoscopy Upper Airway,SD,50,8549.99,1945.25
0074 - Level IV Endoscopy Upper Airway,TN,437,12179.65,1767.05
0074 - Level IV Endoscopy Upper Airway,TX,834,13576.59,1848.59
0074 - Level IV Endoscopy Upper Airway,UT,98,6238.48,1826.34
0074 - Level IV Endoscopy Upper Airway,VA,476,12875.76,1825.19
0074 - Level IV Endoscopy Upper Airway,VT,40,8098.27,2036.22
0074 - Level IV Endoscopy Upper Airway,WA,285,11098.97,2088.01
0074 - Level IV Endoscopy Upper Airway,WI,326,8998.02,1946.17
0074 - Level IV Endoscopy Upper Airway,WV,127,7898.96,1761.31
0096 - Level II Noninvasive Physiologic Studies,AK,23,2333.31,370.85
0096 - Level II Noninvasive Physiologic Studies,AL,308,1925.74,278.23
0096 - Level II Noninvasive Physiologic Studies,AR,403,1123.24,291.14
0096 - Level II Noninvasive Physiologic Studies,AZ,323,1929.09,326.59
0096 - Level II Noninvasive Physiologic Studies,CA,671,3710.53,403.32
0096 - Level II Noninvasive Physiologic Studies,CO,107,2336.89,325.54
0096 - Level II Noninvasive Physiologic Studies,CT,68,2215.9,372.48
0096 - Level II Noninvasive Physiologic Studies,DC,66,2739.78,324.83
0096 - Level II Noninvasive Physiologic Studies,DE,97,466.01,326.08
0096 - Level II Noninvasive Physiologic Studies,FL,1118,2620.05,303.63
0096 - Level II Noninvasive Physiologic Studies,GA,482,2316.65,301.22
0096 - Level II Noninvasive Physiologic Studies,IA,116,2186.54,304.97
0096 - Level II Noninvasive Physiologic Studies,ID,23,1584.58,301.91
0096 - Level II Noninvasive Physiologic Studies,IL,469,3079.7,320.09
0096 - Level II Noninvasive Physiologic Studies,IN,714,1629.63,313.44
0096 - Level II Noninvasive Physiologic Studies,KS,162,2722.65,299.82
0096 - Level II Noninvasive Physiologic Studies,KY,506,2619.56,291.27
0096 - Level II Noninvasive Physiologic Studies,LA,443,1587.63,279.69
0096 - Level II Noninvasive Physiologic Studies,MA,240,1532.71,386.3
0096 - Level II Noninvasive Physiologic Studies,ME,54,1230.85,323.45
0096 - Level II Noninvasive Physiologic Studies,MI,644,1472.14,317.25
0096 - Level II Noninvasive Physiologic Studies,MN,89,1702.28,340.98
0096 - Level II Noninvasive Physiologic Studies,MO,257,1719.96,298.27
0096 - Level II Noninvasive Physiologic Studies,MS,394,2245.28,283.21
0096 - Level II Noninvasive Physiologic Studies,MT,18,1741.85,328.41
0096 - Level II Noninvasive Physiologic Studies,NC,386,2068.16,299.19
0096 - Level II Noninvasive Physiologic Studies,ND,15,1241.57,324.49
0096 - Level II Noninvasive Physiologic Studies,NE,50,3362.26,319.76
0096 - Level II Noninvasive Physiologic Studies,NH,41,1531.87,350.88
0096 - Level II Noninvasive Physiologic Studies,NJ,385,3152.13,373.04
0096 - Level II Noninvasive Physiologic Studies,NV,122,3123.38,351.78
0096 - Level II Noninvasive Physiologic Studies,NY,520,3519.87,361.37
0096 - Level II Noninvasive Physiologic Studies,OH,858,2217.01,298.11
0096 - Level II Noninvasive Physiologic Studies,OK,218,1619.45,291.15
0096 - Level II Noninvasive Physiologic Studies,OR,62,1406.58,339.82
0096 - Level II Noninvasive Physiologic Studies,PA,387,2726.33,312.72
0096 - Level II Noninvasive Physiologic Studies,RI,18,1170.58,358.6
0096 - Level II Noninvasive Physiologic Studies,SC,241,2289.38,297.77
0096 - Level II Noninvasive Physiologic Studies,SD,39,1407.83,324.49
0096 - Level II Noninvasive Physiologic Studies,TN,400,1711.41,287.6
0096 - Level II Noninvasive Physiologic Studies,TX,579,3885.09,298.22
0096 - Level II Noninvasive Physiologic Studies,UT,52,1294.1,310.29
0096 - Level II Noninvasive Physiologic Studies,VA,554,1915.68,312.04
0096 - Level II Noninvasive Physiologic Studies,WA,83,1640.54,350.1
0096 - Level II Noninvasive Physiologic Studies,WI,285,3518.49,319.36
0096 - Level II Noninvasive Physiologic Studies,WV,298,836.09,278.36
0203 - Level IV Nerve Injections,AK,24,5263.17,1508.16
0203 - Level IV Nerve Injections,AL,398,7062.91,1101.15
0203 - Level IV Nerve Injections,AR,2068,4149.23,1258.31
0203 - Level IV Nerve Injections,AZ,598,5136.36,1204.25
0203 - Level IV Nerve Injections,CA,2927,9355.8,1423.71
0203 - Level IV Nerve Injections,CO,742,8440.52,1298.32
0203 - Level IV Nerve Injections,CT,258,6267.75,1487.62
0203 - Level IV Nerve Injections,FL,2414,6012.37,1212.7
0203 - Level IV Nerve Injections,GA,1304,5391.43,1141.43
0203 - Level IV Nerve Injections,HI,25,4637.96,1411.83
0203 - Level IV Nerve Injections,IA,798,5529.31,1147.16
0203 - Level IV Nerve Injections,ID,472,4383.17,1132.82
0203 - Level IV Nerve Injections,IL,2449,7144.97,1331.35
0203 - Level IV Nerve Injections,IN,1489,4640.96,1170.14
0203 - Level IV Nerve Injections,KS,1089,6624.79,1211.97
0203 - Level IV Nerve Injections,KY,655,6031.01,1128.97
0203 - Level IV Nerve Injections,LA,1536,8862.09,1195.25
0203 - Level IV Nerve Injections,MA,2692,4525.75,1462.42
0203 - Level IV Nerve Injections,ME,330,3622.23,1315.11
0203 - Level IV Nerve Injections,MI,1409,5053.7,1224.67
0203 - Level IV Nerve Injections,MN,723,5007.24,1254.49
0203 - Level IV Nerve Injections,MO,2837,4336.65,1147.44
0203 - Level IV Nerve Injections,MS,647,6108.94,1101.99
0203 - Level IV Nerve Injections,MT,187,2129.32,1225.82
0203 - Level IV Nerve Injections,NC,1775,6601.59,1209.86
0203 - Level IV Nerve Injections,ND,245,3956.27,1234.15
0203 - Level IV Nerve Injections,NE,277,5102.7,1208.03
0203 - Level IV Nerve Injections,NH,576,4861.3,1294.66
0203 - Level IV Nerve Injections,NJ,723,7293.63,1486.42
0203 - Level IV Nerve Injections,NM,845,8914.39,1290.6
0203 - Level IV Nerve Injections,NV,410,8572.57,1327.03
0203 - Level IV Nerve Injections,NY,2138,5038.9,1418.58
0203 - Level IV Nerve Injections,OH,4289,4881.67,1246.99
0203 - Level IV Nerve Injections,OK,1701,6237.39,1158.63
0203 - Level IV Nerve Injections,OR,207,4286.72,1169.5
0203 - Level IV Nerve Injections,PA,1587,6952.4,1276.93
0203 - Level IV Nerve Injections,RI,119,6427.87,1303.33
0203 - Level IV Nerve Injections,SC,1088,8442.7,1284.87
0203 - Level IV Nerve Injections,SD,715,3035.05,1124.03
0203 - Level IV Nerve Injections,TN,543,8637.01,1035.1
0203 - Level IV Nerve Injections,TX,5112,7969.26,1155.83
0203 - Level IV Nerve Injections,UT,409,6280.14,1179
0203 - Level IV Nerve Injections,VA,989,5479.01,1248.13
0203 - Level IV Nerve Injections,VT,214,7657,1408.58
0203 - Level IV Nerve Injections,WA,999,4530.42,1270.31
0203 - Level IV Nerve Injections,WI,1091,3414.07,1240.68
0203 - Level IV Nerve Injections,WV,973,4885.65,1246.11
0203 - Level IV Nerve Injections,WY,212,4004.23,1103.19
0204 - Level I Nerve Injections,AK,259,998.58,242.96
0204 - Level I Nerve Injections,AL,3010,1798.43,170.81
0204 - Level I Nerve Injections,AR,2364,866.74,179.41
0204 - Level I Nerve Injections,AZ,3388,1200.56,201.09
0204 - Level I Nerve Injections,CA,27875,1124.45,238.55
0204 - Level I Nerve Injections,CO,4380,986.37,197.67
0204 - Level I Nerve Injections,CT,2446,1289.1,233.37
0204 - Level I Nerve Injections,DC,1269,686.16,192.58
0204 - Level I Nerve Injections,DE,340,663.47,209.28
0204 - Level I Nerve Injections,FL,9315,1218.81,184.58
0204 - Level I Nerve Injections,GA,3742,1358.76,184.26
0204 - Level I Nerve Injections,HI,895,241.86,231.84
0204 - Level I Nerve Injections,IA,7063,723.72,183.19
0204 - Level I Nerve Injections,ID,4391,340.33,191.81
0204 - Level I Nerve Injections,IL,20073,961.63,187.04
0204 - Level I Nerve Injections,IN,3824,1858.19,192.24
0204 - Level I Nerve Injections,KS,4722,1120.88,184.8
0204 - Level I Nerve Injections,KY,4385,1249.38,178.85
0204 - Level I Nerve Injections,LA,2852,1017.61,173.17
0204 - Level I Nerve Injections,MA,16899,790.9,228.59
0204 - Level I Nerve Injections,ME,6821,316.63,190.34
0204 - Level I Nerve Injections,MI,17713,658.48,190.89
0204 - Level I Nerve Injections,MN,11047,589.04,199.12
0204 - Level I Nerve Injections,MO,11940,938.27,183.45
0204 - Level I Nerve Injections,MS,4703,721.23,165.71
0204 - Level I Nerve Injections,MT,3265,361.7,201.23
0204 - Level I Nerve Injections,NC,11270,905.24,179.45
0204 - Level I Nerve Injections,ND,8134,301.56,197.94
0204 - Level I Nerve Injections,NE,1387,1395.84,200.85
0204 - Level I Nerve Injections,NH,3918,752.87,215.46
0204 - Level I Nerve Injections,NJ,2132,1982.25,225.81
0204 - Level I Nerve Injections,NM,3247,613.86,189.35
0204 - Level I Nerve Injections,NV,526,1577.65,218.58
0204 - Level I Nerve Injections,NY,16530,1251.91,213.12
0204 - Level I Nerve Injections,OH,33240,735.26,182.26
0204 - Level I Nerve Injections,OK,3783,1373.03,178.81
0204 - Level I Nerve Injections,OR,3339,591.15,212.38
0204 - Level I Nerve Injections,PA,21357,958.32,184.97
0204 - Level I Nerve Injections,RI,428,1327.56,215.94
0204 - Level I Nerve Injections,SC,3595,1135.76,182.58
0204 - Level I Nerve Injections,SD,4743,839.9,196.61
0204 - Level I Nerve Injections,TN,4880,1156.29,178.35
0204 - Level I Nerve Injections,TX,17641,1349.38,186.74
0204 - Level I Nerve Injections,UT,2959,731.27,183.3
0204 - Level I Nerve Injections,VA,15195,701.52,182.98
0204 - Level I Nerve Injections,VT,3818,437.31,199.65
0204 - Level I Nerve Injections,WA,7095,611.15,214.03
0204 - Level I Nerve Injections,WI,16710,624.51,191.71
0204 - Level I Nerve Injections,WV,7484,601.33,174.98
0204 - Level I Nerve Injections,WY,452,1481.82,200.37
0206 - Level II Nerve Injections,AK,30,1971.31,366.26
0206 - Level II Nerve Injections,AL,1178,1413.37,336.73
0206 - Level II Nerve Injections,AR,853,1373.5,324.62
0206 - Level II Nerve Injections,AZ,896,1699.87,342.75
0206 - Level II Nerve Injections,CA,4045,2358.1,472.73
0206 - Level II Nerve Injections,CO,763,1975.73,361.43
0206 - Level II Nerve Injections,CT,991,1443.41,428.5
0206 - Level II Nerve Injections,DC,82,3002.36,344.76
0206 - Level II Nerve Injections,DE,90,904.68,376.47
0206 - Level II Nerve Injections,FL,2517,2117.77,352.52
0206 - Level II Nerve Injections,GA,979,2177.73,334.06
0206 - Level II Nerve Injections,HI,57,1230.06,369.76
0206 - Level II Nerve Injections,IA,933,1115.29,361.03
0206 - Level II Nerve Injections,ID,406,879.61,345.79
0206 - Level II Nerve Injections,IL,2181,1688.93,384.08
0206 - Level II Nerve Injections,IN,1157,1964.2,334.61
0206 - Level II Nerve Injections,KS,735,2086.91,324.59
0206 - Level II Nerve Injections,KY,1027,1954.92,343.42
0206 - Level II Nerve Injections,LA,621,2166.3,318.61
0206 - Level II Nerve Injections,MA,2593,1260.19,427.43
0206 - Level II Nerve Injections,ME,1062,431.79,344.53
0206 - Level II Nerve Injections,MI,2298,1201.73,363.59
0206 - Level II Nerve Injections,MN,1740,1569.48,374.77
0206 - Level II Nerve Injections,MO,1546,1281.22,332.66
0206 - Level II Nerve Injections,MS,975,1459.44,331.83
0206 - Level II Nerve Injections,MT,397,762.01,367.74
0206 - Level II Nerve Injections,NC,2529,1461.69,342.63
0206 - Level II Nerve Injections,ND,560,575.73,374.5
0206 - Level II Nerve Injections,NE,450,1442.85,383.68
0206 - Level II Nerve Injections,NH,813,1066.29,380.84
0206 - Level II Nerve Injections,NJ,979,2411.51,422.38
0206 - Level II Nerve Injections,NM,425,1200.4,360.73
0206 - Level II Nerve Injections,NV,109,3349.62,364.98
0206 - Level II Nerve Injections,NY,1779,2312.7,390.82
0206 - Level II Nerve Injections,OH,2987,1566,345.5
0206 - Level II Nerve Injections,OK,372,2327.69,298.91
0206 - Level II Nerve Injections,OR,476,1069.46,424.92
0206 - Level II Nerve Injections,PA,2194,2041.24,356.56
0206 - Level II Nerve Injections,RI,136,1359.17,406.54
0206 - Level II Nerve Injections,SC,1058,2086.06,328.94
0206 - Level II Nerve Injections,SD,384,1148.35,313.79
0206 - Level II Nerve Injections,TN,1829,1379.58,363.14
0206 - Level II Nerve Injections,TX,2710,2817.68,333.84
0206 - Level II Nerve Injections,UT,634,820.76,390.64
0206 - Level II Nerve Injections,VA,1745,1200.62,343.56
0206 - Level II Nerve Injections,VT,380,1337.23,402.64
0206 - Level II Nerve Injections,WA,1834,1187.45,420.38
0206 - Level II Nerve Injections,WI,2561,1181.88,378.81
0206 - Level II Nerve Injections,WV,870,981.57,313.11
0206 - Level II Nerve Injections,WY,73,1433.52,348.47
0207 - Level III Nerve Injections,AK,575,2587.44,719.56
0207 - Level III Nerve Injections,AL,21834,3392.74,542
0207 - Level III Nerve Injections,AR,13237,1973.5,570.33
0207 - Level III Nerve Injections,AZ,5826,2854.75,575.03
0207 - Level III Nerve Injections,CA,32627,4772.96,699.91
0207 - Level III Nerve Injections,CO,6524,2611.48,597.62
0207 - Level III Nerve Injections,CT,5751,2845.67,706.55
0207 - Level III Nerve Injections,DC,900,2283.11,641.43
0207 - Level III Nerve Injections,DE,1087,1902.28,631.99
0207 - Level III Nerve Injections,FL,21699,3054.26,567.97
0207 - Level III Nerve Injections,GA,11578,3062.57,568.91
0207 - Level III Nerve Injections,HI,480,2052.87,638.13
0207 - Level III Nerve Injections,IA,12997,2463.55,587.6
0207 - Level III Nerve Injections,ID,4067,1344.06,542.27
0207 - Level III Nerve Injections,IL,33300,2784.7,603.57
0207 - Level III Nerve Injections,IN,24785,3142.09,577.89
0207 - Level III Nerve Injections,KS,18708,2402.74,582.17
0207 - Level III Nerve Injections,KY,16325,2570.04,543.53
0207 - Level III Nerve Injections,LA,17387,3544.03,519.02
0207 - Level III Nerve Injections,MA,34623,1986.64,723.82
0207 - Level III Nerve Injections,ME,7222,1509.83,584.35
0207 - Level III Nerve Injections,MI,25845,2439.85,598.61
0207 - Level III Nerve Injections,MN,13317,1676.28,632.1
0207 - Level III Nerve Injections,MO,36718,2251.86,571.9
0207 - Level III Nerve Injections,MS,6212,3383.65,540.17
0207 - Level III Nerve Injections,MT,3800,1380.77,591.34
0207 - Level III Nerve Injections,NC,26368,2333.62,569.23
0207 - Level III Nerve Injections,ND,4624,1426.75,639.32
0207 - Level III Nerve Injections,NE,4946,1954.08,607.2
0207 - Level III Nerve Injections,NH,5556,2684.92,658.86
0207 - Level III Nerve Injections,NJ,8704,3830.16,684.33
0207 - Level III Nerve Injections,NM,4622,3526.97,569.58
0207 - Level III Nerve Injections,NV,2469,3283.56,642.86
0207 - Level III Nerve Injections,NY,31480,3477.28,671.96
0207 - Level III Nerve Injections,OH,45537,2406.44,545.6
0207 - Level III Nerve Injections,OK,20319,3137.82,546.51
0207 - Level III Nerve Injections,OR,3114,1704.93,531.96
0207 - Level III Nerve Injections,PA,33484,3591.08,597.13
0207 - Level III Nerve Injections,RI,2434,1988.76,649.45
0207 - Level III Nerve Injections,SC,13852,2300.96,569.51
0207 - Level III Nerve Injections,SD,10783,1961.65,610.34
0207 - Level III Nerve Injections,TN,8115,3054.65,535.32
0207 - Level III Nerve Injections,TX,50660,4376.96,554.15
0207 - Level III Nerve Injections,UT,3783,2349.07,558.22
0207 - Level III Nerve Injections,VA,15198,2867.2,589.79
0207 - Level III Nerve Injections,VT,3097,2323.63,624.26
0207 - Level III Nerve Injections,WA,13343,2178.05,611.43
0207 - Level III Nerve Injections,WI,19033,1855.49,601.45
0207 - Level III Nerve Injections,WV,9053,2193.55,531.94
0207 - Level III Nerve Injections,WY,2458,1881.94,550.1
"0209 - Level II Extended EEG, Sleep, and Cardiovascular Studies",AL,213,1058.35,177.04
"0209 - Level II Extended EEG, Sleep, and Cardiovascular Studies",AR,59,666.48,208.32
"0209 - Level II Extended EEG, Sleep, and Cardiovascular Studies",AZ,909,1102.37,222.08
"0209 - Level II Extended EEG, Sleep, and Cardiovascular Studies",CA,831,1481.89,266.97
"0209 - Level II Extended EEG, Sleep, and Cardiovascular Studies",CO,206,1858.08,220.16
"0209 - Level II Extended EEG, Sleep, and Cardiovascular Studies",CT,293,822.95,247.96
"0209 - Level II Extended EEG, Sleep, and Cardiovascular Studies",DC,77,597.18,226.13
"0209 - Level II Extended EEG, Sleep, and Cardiovascular Studies",FL,644,1391.4,200.32
"0209 - Level II Extended EEG, Sleep, and Cardiovascular Studies",GA,138,1512.8,192.07
"0209 - Level II Extended EEG, Sleep, and Cardiovascular Studies",IA,284,1012.37,211.48
"0209 - Level II Extended EEG, Sleep, and Cardiovascular Studies",ID,66,1184.68,171.06
"0209 - Level II Extended EEG, Sleep, and Cardiovascular Studies",IL,986,1556.31,217.5
"0209 - Level II Extended EEG, Sleep, and Cardiovascular Studies",IN,272,1923.05,215.83
"0209 - Level II Extended EEG, Sleep, and Cardiovascular Studies",KS,123,1953.44,181.85
"0209 - Level II Extended EEG, Sleep, and Cardiovascular Studies",KY,199,1331.13,205.15
"0209 - Level II Extended EEG, Sleep, and Cardiovascular Studies",LA,191,1363.13,194.62
"0209 - Level II Extended EEG, Sleep, and Cardiovascular Studies",MA,302,1214.01,265.33
"0209 - Level II Extended EEG, Sleep, and Cardiovascular Studies",ME,110,630.88,211.18
"0209 - Level II Extended EEG, Sleep, and Cardiovascular Studies",MI,544,1382.58,195.53
"0209 - Level II Extended EEG, Sleep, and Cardiovascular Studies",MN,287,821.43,222.95
"0209 - Level II Extended EEG, Sleep, and Cardiovascular Studies",MO,276,1536.34,211.34
"0209 - Level II Extended EEG, Sleep, and Cardiovascular Studies",MS,386,1299.01,193.3
"0209 - Level II Extended EEG, Sleep, and Cardiovascular Studies",MT,112,893.51,226.71
"0209 - Level II Extended EEG, Sleep, and Cardiovascular Studies",NC,320,1145.13,200.95
"0209 - Level II Extended EEG, Sleep, and Cardiovascular Studies",ND,109,891.95,221.79
"0209 - Level II Extended EEG, Sleep, and Cardiovascular Studies",NE,69,1172.41,225.15
"0209 - Level II Extended EEG, Sleep, and Cardiovascular Studies",NH,155,1223.72,240.43
"0209 - Level II Extended EEG, Sleep, and Cardiovascular Studies",NJ,420,1966.27,248.14
"0209 - Level II Extended EEG, Sleep, and Cardiovascular Studies",NM,176,1101.62,219.28
"0209 - Level II Extended EEG, Sleep, and Cardiovascular Studies",NV,53,1885.59,239.7
"0209 - Level II Extended EEG, Sleep, and Cardiovascular Studies",NY,586,1148.13,232.45
"0209 - Level II Extended EEG, Sleep, and Cardiovascular Studies",OH,556,1197.03,199.4
"0209 - Level II Extended EEG, Sleep, and Cardiovascular Studies",OK,14,1309.37,201.49
"0209 - Level II Extended EEG, Sleep, and Cardiovascular Studies",OR,95,1155.24,235.78
"0209 - Level II Extended EEG, Sleep, and Cardiovascular Studies",PA,641,1941.38,221.51
"0209 - Level II Extended EEG, Sleep, and Cardiovascular Studies",SC,341,1236.62,195.56
"0209 - Level II Extended EEG, Sleep, and Cardiovascular Studies",SD,86,581.6,227.59
"0209 - Level II Extended EEG, Sleep, and Cardiovascular Studies",TN,288,1417.24,200.16
"0209 - Level II Extended EEG, Sleep, and Cardiovascular Studies",TX,851,1649.18,210.89
"0209 - Level II Extended EEG, Sleep, and Cardiovascular Studies",UT,180,824.58,204.65
"0209 - Level II Extended EEG, Sleep, and Cardiovascular Studies",VA,146,771.23,192.55
"0209 - Level II Extended EEG, Sleep, and Cardiovascular Studies",WA,392,1342.3,227.94
"0209 - Level II Extended EEG, Sleep, and Cardiovascular Studies",WI,155,1255.1,212.23
"0209 - Level II Extended EEG, Sleep, and Cardiovascular Studies",WV,304,908.89,197.56
"0209 - Level II Extended EEG, Sleep, and Cardiovascular Studies",WY,17,1148.63,213.21
0231 - Level III Eye Tests & Treatments,AL,377,908.19,269.26
0231 - Level III Eye Tests & Treatments,AR,249,930.79,273.87
0231 - Level III Eye Tests & Treatments,AZ,178,1018.86,285.32
0231 - Level III Eye Tests & Treatments,CA,10487,700.88,389.78
0231 - Level III Eye Tests & Treatments,CO,3225,1513.25,312.92
0231 - Level III Eye Tests & Treatments,CT,14,1275.38,370.25
0231 - Level III Eye Tests & Treatments,DC,182,1187.96,311.38
0231 - Level III Eye Tests & Treatments,FL,1295,1947.77,291.42
0231 - Level III Eye Tests & Treatments,GA,637,1216.56,290.07
0231 - Level III Eye Tests & Treatments,HI,55,572.37,322.87
0231 - Level III Eye Tests & Treatments,IA,4325,594.27,300.03
0231 - Level III Eye Tests & Treatments,IL,4307,1089.7,303.49
0231 - Level III Eye Tests & Treatments,IN,81,3658.24,297.66
0231 - Level III Eye Tests & Treatments,KS,13,6177.38,278.12
0231 - Level III Eye Tests & Treatments,LA,1415,567.76,278.03
0231 - Level III Eye Tests & Treatments,MA,9474,626.99,368.63
0231 - Level III Eye Tests & Treatments,ME,4216,310.41,295.81
0231 - Level III Eye Tests & Treatments,MI,5084,711.93,301.05
0231 - Level III Eye Tests & Treatments,MN,11195,1184.62,326.17
0231 - Level III Eye Tests & Treatments,MO,414,650.5,282.77
0231 - Level III Eye Tests & Treatments,MT,2384,490.66,309.31
0231 - Level III Eye Tests & Treatments,NC,4556,1002.49,286.95
0231 - Level III Eye Tests & Treatments,ND,2649,575.15,328.36
0231 - Level III Eye Tests & Treatments,NH,1235,1135.88,349.07
0231 - Level III Eye Tests & Treatments,NJ,401,1644.55,358.53
0231 - Level III Eye Tests & Treatments,NM,323,676.69,304.31
0231 - Level III Eye Tests & Treatments,NY,2506,688.17,329.16
0231 - Level III Eye Tests & Treatments,OH,5369,1216.66,292.35
0231 - Level III Eye Tests & Treatments,OR,3462,956.74,336.44
0231 - Level III Eye Tests & Treatments,PA,5245,1395.15,302.57
0231 - Level III Eye Tests & Treatments,RI,61,922.77,339.02
0231 - Level III Eye Tests & Treatments,SC,678,487.72,285.69
0231 - Level III Eye Tests & Treatments,SD,18,347.16,292.8
0231 - Level III Eye Tests & Treatments,TN,1506,1023.75,283.68
0231 - Level III Eye Tests & Treatments,TX,5664,669.6,290.51
0231 - Level III Eye Tests & Treatments,UT,3332,530.23,299.01
0231 - Level III Eye Tests & Treatments,VA,1251,1143.45,286.53
0231 - Level III Eye Tests & Treatments,VT,1688,561.69,315.74
0231 - Level III Eye Tests & Treatments,WA,426,993.71,327.53
0231 - Level III Eye Tests & Treatments,WI,7864,588.16,302.45
0231 - Level III Eye Tests & Treatments,WV,1255,726.04,277.61
0265 - Level I Diagnostic and Screening Ultrasound,AK,473,427.81,107.14
0265 - Level I Diagnostic and Screening Ultrasound,AL,10732,608.9,77.84
0265 - Level I Diagnostic and Screening Ultrasound,AR,6917,309.88,80.76
0265 - Level I Diagnostic and Screening Ultrasound,AZ,5970,504.86,90.88
0265 - Level I Diagnostic and Screening Ultrasound,CA,37265,670.02,111.13
0265 - Level I Diagnostic and Screening Ultrasound,CO,7298,544,87.87
0265 - Level I Diagnostic and Screening Ultrasound,CT,15697,481.57,103.58
0265 - Level I Diagnostic and Screening Ultrasound,DC,2635,678.03,89.89
0265 - Level I Diagnostic and Screening Ultrasound,DE,3458,376.47,91.28
0265 - Level I Diagnostic and Screening Ultrasound,FL,34443,837.04,84.83
0265 - Level I Diagnostic and Screening Ultrasound,GA,16922,507.96,83.54
0265 - Level I Diagnostic and Screening Ultrasound,HI,1623,356.06,98.66
0265 - Level I Diagnostic and Screening Ultrasound,IA,4416,395.31,84.46
0265 - Level I Diagnostic and Screening Ultrasound,ID,2524,331.01,86.34
0265 - Level I Diagnostic and Screening Ultrasound,IL,30076,622.72,87.44
0265 - Level I Diagnostic and Screening Ultrasound,IN,13106,559.32,87.05
0265 - Level I Diagnostic and Screening Ultrasound,KS,4969,546.8,82.91
0265 - Level I Diagnostic and Screening Ultrasound,KY,9266,612.83,80.44
0265 - Level I Diagnostic and Screening Ultrasound,LA,8778,434.36,78.41
0265 - Level I Diagnostic and Screening Ultrasound,MA,20317,390.29,106.3
0265 - Level I Diagnostic and Screening Ultrasound,ME,3884,356.98,86.9
0265 - Level I Diagnostic and Screening Ultrasound,MI,22267,414.56,87.09
0265 - Level I Diagnostic and Screening Ultrasound,MN,6877,339.44,91.67
0265 - Level I Diagnostic and Screening Ultrasound,MO,15310,535.99,83.72
0265 - Level I Diagnostic and Screening Ultrasound,MS,6746,544.9,79.16
0265 - Level I Diagnostic and Screening Ultrasound,MT,2085,286.72,87.35
0265 - Level I Diagnostic and Screening Ultrasound,NC,15395,437.27,82.27
0265 - Level I Diagnostic and Screening Ultrasound,ND,1848,255.91,89.22
0265 - Level I Diagnostic and Screening Ultrasound,NE,2780,401.59,86.5
0265 - Level I Diagnostic and Screening Ultrasound,NH,2797,570.06,96.39
0265 - Level I Diagnostic and Screening Ultrasound,NJ,17505,771.68,101.69
0265 - Level I Diagnostic and Screening Ultrasound,NM,2000,489.71,86.4
0265 - Level I Diagnostic and Screening Ultrasound,NV,1521,423.36,96.26
0265 - Level I Diagnostic and Screening Ultrasound,NY,39457,663.2,96.04
0265 - Level I Diagnostic and Screening Ultrasound,OH,21382,499.32,83.26
0265 - Level I Diagnostic and Screening Ultrasound,OK,8229,537.87,80.85
0265 - Level I Diagnostic and Screening Ultrasound,OR,5981,350.35,95.73
0265 - Level I Diagnostic and Screening Ultrasound,PA,32569,621.47,86.54
0265 - Level I Diagnostic and Screening Ultrasound,RI,2073,450.77,96.85
0265 - Level I Diagnostic and Screening Ultrasound,SC,11947,531.53,81.67
0265 - Level I Diagnostic and Screening Ultrasound,SD,1426,458.31,90.92
0265 - Level I Diagnostic and Screening Ultrasound,TN,16034,527.26,80.1
0265 - Level I Diagnostic and Screening Ultrasound,TX,35321,663.83,83.46
0265 - Level I Diagnostic and Screening Ultrasound,UT,3280,369.97,85.79
0265 - Level I Diagnostic and Screening Ultrasound,VA,17747,623.15,84.3
0265 - Level I Diagnostic and Screening Ultrasound,VT,2172,529.03,91.33
0265 - Level I Diagnostic and Screening Ultrasound,WA,8191,391.21,96.42
0265 - Level I Diagnostic and Screening Ultrasound,WI,7927,490.88,87.35
0265 - Level I Diagnostic and Screening Ultrasound,WV,4452,357.01,79.05
0265 - Level I Diagnostic and Screening Ultrasound,WY,413,400.93,94.24
0267 - Level III Diagnostic and Screening Ultrasound,AK,1614,1130.01,218.52
0267 - Level III Diagnostic and Screening Ultrasound,AL,35757,1137.95,160.72
0267 - Level III Diagnostic and Screening Ultrasound,AR,19443,941.55,162.11
0267 - Level III Diagnostic and Screening Ultrasound,AZ,17888,1748.3,186.16
0267 - Level III Diagnostic and Screening Ultrasound,CA,93181,1921.88,226.11
0267 - Level III Diagnostic and Screening Ultrasound,CO,13838,1430.92,176.92
0267 - Level III Diagnostic and Screening Ultrasound,CT,17025,1168.86,209.3
0267 - Level III Diagnostic and Screening Ultrasound,DC,3418,988.36,169.57
0267 - Level III Diagnostic and Screening Ultrasound,DE,8890,826.25,187.65
0267 - Level III Diagnostic and Screening Ultrasound,FL,76698,1535.04,157.78
0267 - Level III Diagnostic and Screening Ultrasound,GA,52723,1185.31,172.08
0267 - Level III Diagnostic and Screening Ultrasound,HI,2507,802.85,202.76
0267 - Level III Diagnostic and Screening Ultrasound,IA,17106,957.2,172.22
0267 - Level III Diagnostic and Screening Ultrasound,ID,5966,587.54,176.4
0267 - Level III Diagnostic and Screening Ultrasound,IL,80116,1494.38,175.6
0267 - Level III Diagnostic and Screening Ultrasound,IN,37376,1247.37,175.96
0267 - Level III Diagnostic and Screening Ultrasound,KS,15876,1123.6,168.26
0267 - Level III Diagnostic and Screening Ultrasound,KY,30982,1198.35,162.87
0267 - Level III Diagnostic and Screening Ultrasound,LA,26561,941.96,154.21
0267 - Level III Diagnostic and Screening Ultrasound,MA,42265,1014.36,212.5
0267 - Level III Diagnostic and Screening Ultrasound,ME,9348,808.63,176.81
0267 - Level III Diagnostic and Screening Ultrasound,MI,60245,797.6,177.36
0267 - Level III Diagnostic and Screening Ultrasound,MN,22876,839.95,181.87
0267 - Level III Diagnostic and Screening Ultrasound,MO,42281,1166.66,170.22
0267 - Level III Diagnostic and Screening Ultrasound,MS,21497,1162.34,156.41
0267 - Level III Diagnostic and Screening Ultrasound,MT,4344,824.07,187.77
0267 - Level III Diagnostic and Screening Ultrasound,NC,44844,983.57,170.97
0267 - Level III Diagnostic and Screening Ultrasound,ND,7211,638.47,185.1
0267 - Level III Diagnostic and Screening Ultrasound,NE,12027,1196.96,174.53
0267 - Level III Diagnostic and Screening Ultrasound,NH,8967,1144.36,196.41
0267 - Level III Diagnostic and Screening Ultrasound,NJ,53097,1519.74,203.13
0267 - Level III Diagnostic and Screening Ultrasound,NM,6703,1000.72,168.53
0267 - Level III Diagnostic and Screening Ultrasound,NV,6624,1692.74,194.74
0267 - Level III Diagnostic and Screening Ultrasound,NY,54633,1233.36,182.56
0267 - Level III Diagnostic and Screening Ultrasound,OH,76803,1210.04,166.54
0267 - Level III Diagnostic and Screening Ultrasound,OK,27120,1053.15,162.33
0267 - Level III Diagnostic and Screening Ultrasound,OR,11566,966.85,198.26
0267 - Level III Diagnostic and Screening Ultrasound,PA,92112,1602.34,173.98
0267 - Level III Diagnostic and Screening Ultrasound,RI,4875,966.68,188.27
0267 - Level III Diagnostic and Screening Ultrasound,SC,32215,1322.64,168.88
0267 - Level III Diagnostic and Screening Ultrasound,SD,9328,938.32,185.87
0267 - Level III Diagnostic and Screening Ultrasound,TN,37979,1168.06,162.89
0267 - Level III Diagnostic and Screening Ultrasound,TX,85706,1530.76,163.48
0267 - Level III Diagnostic and Screening Ultrasound,UT,5574,766.57,174.38
0267 - Level III Diagnostic and Screening Ultrasound,VA,49340,1161.68,175.67
0267 - Level III Diagnostic and Screening Ultrasound,VT,3357,1102.75,184.48
0267 - Level III Diagnostic and Screening Ultrasound,WA,25164,1047.1,198.18
0267 - Level III Diagnostic and Screening Ultrasound,WI,21307,1110.16,172.46
0267 - Level III Diagnostic and Screening Ultrasound,WV,19216,828.46,162.93
0267 - Level III Diagnostic and Screening Ultrasound,WY,1574,921.68,189.3
0269 - Level I Echocardiogram Without Contrast,AK,1769,2233.9,487
0269 - Level I Echocardiogram Without Contrast,AL,34938,2087.18,360.75
0269 - Level I Echocardiogram Without Contrast,AR,35063,1798.06,374.01
0269 - Level I Echocardiogram Without Contrast,AZ,23803,2640.79,419.06
0269 - Level I Echocardiogram Without Contrast,CA,110211,3724.15,517.02
0269 - Level I Echocardiogram Without Contrast,CO,28656,3072.57,408.75
0269 - Level I Echocardiogram Without Contrast,CT,25288,2064.78,479.8
0269 - Level I Echocardiogram Without Contrast,DC,4479,2013.12,401.84
0269 - Level I Echocardiogram Without Contrast,DE,8223,2057.23,419.53
0269 - Level I Echocardiogram Without Contrast,FL,94672,2804.96,382.8
0269 - Level I Echocardiogram Without Contrast,GA,67184,1995.56,385.32
0269 - Level I Echocardiogram Without Contrast,HI,4484,1744.82,453.91
0269 - Level I Echocardiogram Without Contrast,IA,17397,1917.99,390.98
0269 - Level I Echocardiogram Without Contrast,ID,9833,1493.23,401.77
0269 - Level I Echocardiogram Without Contrast,IL,93654,2826.16,406.86
0269 - Level I Echocardiogram Without Contrast,IN,50318,2169.32,397.6
0269 - Level I Echocardiogram Without Contrast,KS,21833,2373.83,384.83
0269 - Level I Echocardiogram Without Contrast,KY,43191,2586.49,372.43
0269 - Level I Echocardiogram Without Contrast,LA,25489,1918.71,364.19
0269 - Level I Echocardiogram Without Contrast,MA,48282,1600.36,492.99
0269 - Level I Echocardiogram Without Contrast,ME,14607,1394.08,405.28
0269 - Level I Echocardiogram Without Contrast,MI,71659,1401.75,404.05
0269 - Level I Echocardiogram Without Contrast,MN,35066,1533.22,431.41
0269 - Level I Echocardiogram Without Contrast,MO,50882,2488.97,385.1
0269 - Level I Echocardiogram Without Contrast,MS,25365,2342.28,359.8
0269 - Level I Echocardiogram Without Contrast,MT,7798,1511.45,423.31
0269 - Level I Echocardiogram Without Contrast,NC,58545,1870.2,381.93
0269 - Level I Echocardiogram Without Contrast,ND,6114,985.21,416.86
0269 - Level I Echocardiogram Without Contrast,NE,15095,2231.84,402.28
0269 - Level I Echocardiogram Without Contrast,NH,13822,2308.21,447.72
0269 - Level I Echocardiogram Without Contrast,NJ,73441,3070.12,464.68
0269 - Level I Echocardiogram Without Contrast,NM,9213,1617.9,401.17
0269 - Level I Echocardiogram Without Contrast,NV,11329,2708.61,442.58
0269 - Level I Echocardiogram Without Contrast,NY,70167,2097.51,439.02
0269 - Level I Echocardiogram Without Contrast,OH,87534,2504.55,386.26
0269 - Level I Echocardiogram Without Contrast,OK,46280,1938.09,374.8
0269 - Level I Echocardiogram Without Contrast,OR,19631,1783.85,443.63
0269 - Level I Echocardiogram Without Contrast,PA,96503,3026.42,398.49
0269 - Level I Echocardiogram Without Contrast,RI,5728,1582.67,451.2
0269 - Level I Echocardiogram Without Contrast,SC,29936,2012.03,378.03
0269 - Level I Echocardiogram Without Contrast,SD,9111,2256.61,417.49
0269 - Level I Echocardiogram Without Contrast,TN,55340,2457.88,367.21
0269 - Level I Echocardiogram Without Contrast,TX,101586,2929.91,381.78
0269 - Level I Echocardiogram Without Contrast,UT,13916,1431.26,395.6
0269 - Level I Echocardiogram Without Contrast,VA,60188,2177.17,391.26
0269 - Level I Echocardiogram Without Contrast,VT,5334,1956.51,427.21
0269 - Level I Echocardiogram Without Contrast,WA,38831,2016.66,445.81
0269 - Level I Echocardiogram Without Contrast,WI,31865,2284.7,407.75
0269 - Level I Echocardiogram Without Contrast,WV,15375,1487.01,364.77
0269 - Level I Echocardiogram Without Contrast,WY,2821,2245.67,422.67
0270 - Level II Echocardiogram Without Contrast,AK,77,4275.76,662.5
0270 - Level II Echocardiogram Without Contrast,AL,1169,3469.84,505.1
0270 - Level II Echocardiogram Without Contrast,AR,2952,1534.3,524.75
0270 - Level II Echocardiogram Without Contrast,AZ,2214,4159.53,589.14
0270 - Level II Echocardiogram Without Contrast,CA,5556,5934.47,730.32
0270 - Level II Echocardiogram Without Contrast,CO,2558,3425.04,572.63
0270 - Level II Echocardiogram Without Contrast,CT,1562,3762.99,679.73
0270 - Level II Echocardiogram Without Contrast,DC,125,4288.54,582.05
0270 - Level II Echocardiogram Without Contrast,DE,625,2702.35,590.57
0270 - Level II Echocardiogram Without Contrast,FL,5703,5183.77,519.81
0270 - Level II Echocardiogram Without Contrast,GA,2425,3067.74,543.24
0270 - Level II Echocardiogram Without Contrast,HI,282,2266.98,635.63
0270 - Level II Echocardiogram Without Contrast,IA,867,2937.14,548.72
0270 - Level II Echocardiogram Without Contrast,ID,500,2693.8,553.7
0270 - Level II Echocardiogram Without Contrast,IL,5933,3981.38,569.62
0270 - Level II Echocardiogram Without Contrast,IN,2448,3684.91,560.78
0270 - Level II Echocardiogram Without Contrast,KS,1129,3180.38,539.06
0270 - Level II Echocardiogram Without Contrast,KY,1022,3420.89,527.38
0270 - Level II Echocardiogram Without Contrast,LA,1332,2393.17,517.5
0270 - Level II Echocardiogram Without Contrast,MA,3242,2677.03,687.77
0270 - Level II Echocardiogram Without Contrast,ME,959,1734.65,569.12
0270 - Level II Echocardiogram Without Contrast,MI,6137,2020.03,567.35
0270 - Level II Echocardiogram Without Contrast,MN,2454,2924.47,595.41
0270 - Level II Echocardiogram Without Contrast,MO,3162,3533.08,537.61
0270 - Level II Echocardiogram Without Contrast,MS,921,3855.51,512.53
0270 - Level II Echocardiogram Without Contrast,MT,825,1673.37,590.2
0270 - Level II Echocardiogram Without Contrast,NC,3173,2614.19,533.51
0270 - Level II Echocardiogram Without Contrast,ND,156,1991.22,579.19
0270 - Level II Echocardiogram Without Contrast,NE,1067,2790.4,554
0270 - Level II Echocardiogram Without Contrast,NH,1774,3546.44,626.29
0270 - Level II Echocardiogram Without Contrast,NJ,3760,4120.65,655.23
0270 - Level II Echocardiogram Without Contrast,NM,341,2911.91,554.19
0270 - Level II Echocardiogram Without Contrast,NV,266,5477.43,611.1
0270 - Level II Echocardiogram Without Contrast,NY,4774,3648.72,605.59
0270 - Level II Echocardiogram Without Contrast,OH,3411,3906.01,531.82
0270 - Level II Echocardiogram Without Contrast,OK,943,3416.28,516.65
0270 - Level II Echocardiogram Without Contrast,OR,985,2055.35,627.96
0270 - Level II Echocardiogram Without Contrast,PA,5058,4365.89,567.42
0270 - Level II Echocardiogram Without Contrast,RI,366,2122.76,623.52
0270 - Level II Echocardiogram Without Contrast,SC,972,2669.07,530.96
0270 - Level II Echocardiogram Without Contrast,SD,245,2703.57,573.75
0270 - Level II Echocardiogram Without Contrast,TN,2367,2970.53,516.28
0270 - Level II Echocardiogram Without Contrast,TX,4365,4596.13,542.38
0270 - Level II Echocardiogram Without Contrast,UT,1520,2650.71,553.17
0270 - Level II Echocardiogram Without Contrast,VA,2398,3292.96,557.34
0270 - Level II Echocardiogram Without Contrast,VT,644,1811.78,584.21
0270 - Level II Echocardiogram Without Contrast,WA,2600,2879.08,624.51
0270 - Level II Echocardiogram Without Contrast,WI,2026,3363.7,559.42
0270 - Level II Echocardiogram Without Contrast,WV,211,2295.08,513.34
0270 - Level II Echocardiogram Without Contrast,WY,67,3355.82,590.86
0336 - Magnetic Resonance Imaging and Magnetic Resonance Angiography without Contrast,AK,578,2939.24,349.45
0336 - Magnetic Resonance Imaging and Magnetic Resonance Angiography without Contrast,AL,32808,3486.17,244.28
0336 - Magnetic Resonance Imaging and Magnetic Resonance Angiography without Contrast,AR,17345,2154.92,257.27
0336 - Magnetic Resonance Imaging and Magnetic Resonance Angiography without Contrast,AZ,8097,3574.92,282.53
0336 - Magnetic Resonance Imaging and Magnetic Resonance Angiography without Contrast,CA,51252,3945.17,351.31
0336 - Magnetic Resonance Imaging and Magnetic Resonance Angiography without Contrast,CO,8956,2845.53,279.39
0336 - Magnetic Resonance Imaging and Magnetic Resonance Angiography without Contrast,CT,14665,2732.36,322.84
0336 - Magnetic Resonance Imaging and Magnetic Resonance Angiography without Contrast,DC,3592,2664.75,275.32
0336 - Magnetic Resonance Imaging and Magnetic Resonance Angiography without Contrast,DE,6666,1760.03,281.56
0336 - Magnetic Resonance Imaging and Magnetic Resonance Angiography without Contrast,FL,31203,3420.58,265.83
0336 - Magnetic Resonance Imaging and Magnetic Resonance Angiography without Contrast,GA,27886,2993.77,259.72
0336 - Magnetic Resonance Imaging and Magnetic Resonance Angiography without Contrast,HI,2165,1774.2,307.32
0336 - Magnetic Resonance Imaging and Magnetic Resonance Angiography without Contrast,IA,13500,2722.24,256.05
0336 - Magnetic Resonance Imaging and Magnetic Resonance Angiography without Contrast,ID,7232,1612.22,272.71
0336 - Magnetic Resonance Imaging and Magnetic Resonance Angiography without Contrast,IL,52927,3367.12,275.01
0336 - Magnetic Resonance Imaging and Magnetic Resonance Angiography without Contrast,IN,39894,2519.3,273.44
0336 - Magnetic Resonance Imaging and Magnetic Resonance Angiography without Contrast,KS,13207,2414.76,260.19
0336 - Magnetic Resonance Imaging and Magnetic Resonance Angiography without Contrast,KY,27548,2803.06,254.19
0336 - Magnetic Resonance Imaging and Magnetic Resonance Angiography without Contrast,LA,15585,2698.99,245.46
0336 - Magnetic Resonance Imaging and Magnetic Resonance Angiography without Contrast,MA,28702,2361.49,332.94
0336 - Magnetic Resonance Imaging and Magnetic Resonance Angiography without Contrast,ME,9591,1556.75,277.9
0336 - Magnetic Resonance Imaging and Magnetic Resonance Angiography without Contrast,MI,49319,2164.87,273.47
0336 - Magnetic Resonance Imaging and Magnetic Resonance Angiography without Contrast,MN,20836,2036.86,309.08
0336 - Magnetic Resonance Imaging and Magnetic Resonance Angiography without Contrast,MO,27976,2550.06,264.2
0336 - Magnetic Resonance Imaging and Magnetic Resonance Angiography without Contrast,MS,10640,3252.1,248.01
0336 - Magnetic Resonance Imaging and Magnetic Resonance Angiography without Contrast,MT,6707,1502.84,281.26
0336 - Magnetic Resonance Imaging and Magnetic Resonance Angiography without Contrast,NC,32953,2966.46,258.5
0336 - Magnetic Resonance Imaging and Magnetic Resonance Angiography without Contrast,ND,3305,2028.68,292.87
0336 - Magnetic Resonance Imaging and Magnetic Resonance Angiography without Contrast,NE,7283,3024.24,279.76
0336 - Magnetic Resonance Imaging and Magnetic Resonance Angiography without Contrast,NH,5827,3253.69,312.9
0336 - Magnetic Resonance Imaging and Magnetic Resonance Angiography without Contrast,NJ,27392,3260.03,317.46
0336 - Magnetic Resonance Imaging and Magnetic Resonance Angiography without Contrast,NM,4930,2241.56,272.1
0336 - Magnetic Resonance Imaging and Magnetic Resonance Angiography without Contrast,NV,2239,1379.25,304.17
0336 - Magnetic Resonance Imaging and Magnetic Resonance Angiography without Contrast,NY,48165,3163.31,301.06
0336 - Magnetic Resonance Imaging and Magnetic Resonance Angiography without Contrast,OH,51310,2503.04,261.3
0336 - Magnetic Resonance Imaging and Magnetic Resonance Angiography without Contrast,OK,24865,2379.65,255.61
0336 - Magnetic Resonance Imaging and Magnetic Resonance Angiography without Contrast,OR,8252,2023.76,308.48
0336 - Magnetic Resonance Imaging and Magnetic Resonance Angiography without Contrast,PA,65062,3182.78,272.99
0336 - Magnetic Resonance Imaging and Magnetic Resonance Angiography without Contrast,RI,3226,2378.23,290.17
0336 - Magnetic Resonance Imaging and Magnetic Resonance Angiography without Contrast,SC,22285,2818.72,257.42
0336 - Magnetic Resonance Imaging and Magnetic Resonance Angiography without Contrast,SD,6194,2715.49,285.01
0336 - Magnetic Resonance Imaging and Magnetic Resonance Angiography without Contrast,TN,23934,3082.29,244.78
0336 - Magnetic Resonance Imaging and Magnetic Resonance Angiography without Contrast,TX,61625,3388.18,260.43
0336 - Magnetic Resonance Imaging and Magnetic Resonance Angiography without Contrast,UT,11796,2036.64,264.2
0336 - Magnetic Resonance Imaging and Magnetic Resonance Angiography without Contrast,VA,27628,2889.22,266.26
0336 - Magnetic Resonance Imaging and Magnetic Resonance Angiography without Contrast,VT,3503,2783.27,286.84
0336 - Magnetic Resonance Imaging and Magnetic Resonance Angiography without Contrast,WA,19456,2488.28,302.35
0336 - Magnetic Resonance Imaging and Magnetic Resonance Angiography without Contrast,WI,22719,3340.38,278.62
0336 - Magnetic Resonance Imaging and Magnetic Resonance Angiography without Contrast,WV,9673,2155.25,248.52
0336 - Magnetic Resonance Imaging and Magnetic Resonance Angiography without Contrast,WY,1706,1963.64,295.68
0369 - Level II Pulmonary Tests,AK,512,1494.71,272.83
0369 - Level II Pulmonary Tests,AL,3783,1755.97,199.66
0369 - Level II Pulmonary Tests,AR,3423,1061.71,207.58
0369 - Level II Pulmonary Tests,AZ,3530,1539.6,235.79
0369 - Level II Pulmonary Tests,CA,20568,2372.35,273.83
0369 - Level II Pulmonary Tests,CO,4002,1636.45,228.94
0369 - Level II Pulmonary Tests,CT,4245,1226.93,266.61
0369 - Level II Pulmonary Tests,DC,418,1303.28,224
0369 - Level II Pulmonary Tests,DE,2658,969.11,235.47
0369 - Level II Pulmonary Tests,FL,13692,1692.87,213.96
0369 - Level II Pulmonary Tests,GA,4612,1238.74,215.01
0369 - Level II Pulmonary Tests,HI,679,917.56,229.53
0369 - Level II Pulmonary Tests,IA,4422,870.61,219.41
0369 - Level II Pulmonary Tests,ID,1787,911.25,221.65
0369 - Level II Pulmonary Tests,IL,16069,1537.66,229.88
0369 - Level II Pulmonary Tests,IN,9454,1379.48,222.82
0369 - Level II Pulmonary Tests,KS,2748,1341.02,215.58
0369 - Level II Pulmonary Tests,KY,6244,1175.35,210.97
0369 - Level II Pulmonary Tests,LA,4726,1339.84,197.86
0369 - Level II Pulmonary Tests,MA,12696,1129.96,277.76
0369 - Level II Pulmonary Tests,ME,2664,616.76,226.52
0369 - Level II Pulmonary Tests,MI,11276,884.64,226.02
0369 - Level II Pulmonary Tests,MN,5610,879.04,241.99
0369 - Level II Pulmonary Tests,MO,10976,1269.69,216.84
0369 - Level II Pulmonary Tests,MS,2449,1927.95,202.86
0369 - Level II Pulmonary Tests,MT,1602,479.93,234.48
0369 - Level II Pulmonary Tests,NC,6429,896.01,212.85
0369 - Level II Pulmonary Tests,ND,840,756.41,231.62
0369 - Level II Pulmonary Tests,NE,3107,1714.26,226.28
0369 - Level II Pulmonary Tests,NH,3374,1156.89,250.05
0369 - Level II Pulmonary Tests,NJ,7169,1853.89,257.26
0369 - Level II Pulmonary Tests,NM,1665,1061.97,224.87
0369 - Level II Pulmonary Tests,NV,1187,1636.18,233.75
0369 - Level II Pulmonary Tests,NY,9760,1132.1,241.53
0369 - Level II Pulmonary Tests,OH,18265,1194.87,217.57
0369 - Level II Pulmonary Tests,OK,6019,1097.85,208.65
0369 - Level II Pulmonary Tests,OR,3504,1073.77,245.85
0369 - Level II Pulmonary Tests,PA,18893,1595.74,218.14
0369 - Level II Pulmonary Tests,RI,1221,797.32,252.88
0369 - Level II Pulmonary Tests,SC,3614,1259.42,209.61
0369 - Level II Pulmonary Tests,SD,1331,736.87,235.61
0369 - Level II Pulmonary Tests,TN,5442,1381.1,204.26
0369 - Level II Pulmonary Tests,TX,12500,1529.15,212.06
0369 - Level II Pulmonary Tests,UT,1642,583.12,223.28
0369 - Level II Pulmonary Tests,VA,8814,1202.61,214.7
0369 - Level II Pulmonary Tests,VT,1432,755.06,238.93
0369 - Level II Pulmonary Tests,WA,4180,1028.81,249.35
0369 - Level II Pulmonary Tests,WI,8058,1089.62,228.66
0369 - Level II Pulmonary Tests,WV,2942,833.57,201.85
0369 - Level II Pulmonary Tests,WY,541,850.65,241.44
0377 - Level II Cardiac Imaging,AK,592,5282.78,1328.31
0377 - Level II Cardiac Imaging,AL,12257,7207.77,963.96
0377 - Level II Cardiac Imaging,AR,13679,5481.08,1004.36
0377 - Level II Cardiac Imaging,AZ,6685,8716.9,1132.44
0377 - Level II Cardiac Imaging,CA,31949,9987.31,1384.53
0377 - Level II Cardiac Imaging,CO,9543,8453.13,1099.16
0377 - Level II Cardiac Imaging,CT,10132,6424.95,1282.46
0377 - Level II Cardiac Imaging,DC,901,5844.17,1083.94
0377 - Level II Cardiac Imaging,DE,2722,3972.49,1128.77
0377 - Level II Cardiac Imaging,FL,34694,9027.39,998.65
0377 - Level II Cardiac Imaging,GA,29423,7403.82,1036.9
0377 - Level II Cardiac Imaging,HI,2017,4742.21,1229.7
0377 - Level II Cardiac Imaging,IA,6380,5909.52,1056.05
0377 - Level II Cardiac Imaging,ID,3933,4279.44,1079.67
0377 - Level II Cardiac Imaging,IL,42203,7952.75,1089.3
0377 - Level II Cardiac Imaging,IN,25252,7194.04,1065.72
0377 - Level II Cardiac Imaging,KS,9966,6740.84,1038.19
0377 - Level II Cardiac Imaging,KY,20041,8430.98,998.09
0377 - Level II Cardiac Imaging,LA,9338,6553.23,976.11
0377 - Level II Cardiac Imaging,MA,17682,4625,1326.27
0377 - Level II Cardiac Imaging,ME,4612,3962.34,1097.95
0377 - Level II Cardiac Imaging,MI,29539,4582,1084.32
0377 - Level II Cardiac Imaging,MN,13875,4730.75,1153.53
0377 - Level II Cardiac Imaging,MO,23089,6503.31,1039.14
0377 - Level II Cardiac Imaging,MS,9534,7706.65,970.6
0377 - Level II Cardiac Imaging,MT,2037,4214.22,1135.84
0377 - Level II Cardiac Imaging,NC,22784,6078.82,1025.24
0377 - Level II Cardiac Imaging,ND,3207,3801.8,1131.32
0377 - Level II Cardiac Imaging,NE,5240,6415.26,1092.02
0377 - Level II Cardiac Imaging,NH,3562,7496.06,1200.82
0377 - Level II Cardiac Imaging,NJ,36943,8302.13,1258.82
0377 - Level II Cardiac Imaging,NM,2785,5770.66,1078.79
0377 - Level II Cardiac Imaging,NV,4361,9210.74,1188.5
0377 - Level II Cardiac Imaging,NY,25762,5508.21,1199.52
0377 - Level II Cardiac Imaging,OH,37731,6349.44,1028.82
0377 - Level II Cardiac Imaging,OK,23497,7019.94,1000.41
0377 - Level II Cardiac Imaging,OR,5347,4823.79,1217.39
0377 - Level II Cardiac Imaging,PA,37080,7444.03,1064.18
0377 - Level II Cardiac Imaging,RI,1507,5286.31,1195.67
0377 - Level II Cardiac Imaging,SC,13965,6640.74,1004.09
0377 - Level II Cardiac Imaging,SD,4817,5475.74,1119.02
0377 - Level II Cardiac Imaging,TN,29034,7459.95,984.74
0377 - Level II Cardiac Imaging,TX,42075,8610.84,1015.25
0377 - Level II Cardiac Imaging,UT,4680,5056.37,1064.89
0377 - Level II Cardiac Imaging,VA,21217,6431.68,1046.52
0377 - Level II Cardiac Imaging,VT,1662,5138.81,1159.03
0377 - Level II Cardiac Imaging,WA,14368,6679.63,1209.47
0377 - Level II Cardiac Imaging,WI,13117,6131.47,1092.72
0377 - Level II Cardiac Imaging,WV,9720,4479.8,972.21
0377 - Level II Cardiac Imaging,WY,1535,6913.58,1154.95
0631 - Level 1 Examinations & Related Services,AR,1460,60.33,49.89
0631 - Level 1 Examinations & Related Services,AZ,181,143.89,43.19
0631 - Level 1 Examinations & Related Services,CA,3029,94.78,55.79
0631 - Level 1 Examinations & Related Services,CO,108,136.52,50.97
0631 - Level 1 Examinations & Related Services,CT,129,154.16,58.09
0631 - Level 1 Examinations & Related Services,DE,633,52.19,49.16
0631 - Level 1 Examinations & Related Services,FL,2187,69.04,44.18
0631 - Level 1 Examinations & Related Services,GA,139,37.31,44.27
0631 - Level 1 Examinations & Related Services,HI,510,68.38,48.87
0631 - Level 1 Examinations & Related Services,IA,917,74.6,47.59
0631 - Level 1 Examinations & Related Services,ID,500,35.16,45.48
0631 - Level 1 Examinations & Related Services,IL,2999,151.22,44.72
0631 - Level 1 Examinations & Related Services,IN,147,95.78,40.53
0631 - Level 1 Examinations & Related Services,KS,202,85.72,42.13
0631 - Level 1 Examinations & Related Services,KY,328,93.2,41.37
0631 - Level 1 Examinations & Related Services,LA,1348,114.13,41.01
0631 - Level 1 Examinations & Related Services,MA,2205,116.76,52.84
0631 - Level 1 Examinations & Related Services,ME,1660,55.14,41.1
0631 - Level 1 Examinations & Related Services,MI,3989,95.84,49.14
0631 - Level 1 Examinations & Related Services,MN,526,87.79,52.57
0631 - Level 1 Examinations & Related Services,MO,1518,135.62,46.55
0631 - Level 1 Examinations & Related Services,MS,2447,71.28,45.8
0631 - Level 1 Examinations & Related Services,MT,928,49.83,46.48
0631 - Level 1 Examinations & Related Services,NC,1137,95.44,42.08
0631 - Level 1 Examinations & Related Services,ND,1022,60.34,40.08
0631 - Level 1 Examinations & Related Services,NE,39,149.03,52.61
0631 - Level 1 Examinations & Related Services,NH,1368,94.82,48.91
0631 - Level 1 Examinations & Related Services,NJ,224,228.68,52.85
0631 - Level 1 Examinations & Related Services,NY,6088,137.51,45.38
0631 - Level 1 Examinations & Related Services,OH,2048,103.95,39.86
0631 - Level 1 Examinations & Related Services,OK,121,230.94,47.15
0631 - Level 1 Examinations & Related Services,OR,254,79.57,50.23
0631 - Level 1 Examinations & Related Services,PA,3987,158.83,48.58
0631 - Level 1 Examinations & Related Services,SC,34,635.77,32.7
0631 - Level 1 Examinations & Related Services,SD,1068,38.3,42.7
0631 - Level 1 Examinations & Related Services,TN,331,74.41,34.63
0631 - Level 1 Examinations & Related Services,TX,1680,205.99,43.06
0631 - Level 1 Examinations & Related Services,UT,18,146,45.61
0631 - Level 1 Examinations & Related Services,VA,1099,197.56,43.86
0631 - Level 1 Examinations & Related Services,VT,290,154.59,47.6
0631 - Level 1 Examinations & Related Services,WA,1256,129.61,54.35
0631 - Level 1 Examinations & Related Services,WI,2460,59.5,42.04
0631 - Level 1 Examinations & Related Services,WV,92,81.8,46.05
0632 - Level 2 Examinations & Related Services,AK,16,214.48,129.57
0632 - Level 2 Examinations & Related Services,AR,246,187.82,98.3
0632 - Level 2 Examinations & Related Services,AZ,201,356.06,84.59
0632 - Level 2 Examinations & Related Services,CA,32667,284.54,138.62
0632 - Level 2 Examinations & Related Services,CO,1696,219.95,98.62
0632 - Level 2 Examinations & Related Services,CT,546,321.37,119.42
0632 - Level 2 Examinations & Related Services,DC,2581,363.02,104.68
0632 - Level 2 Examinations & Related Services,DE,41,246.53,108.01
0632 - Level 2 Examinations & Related Services,FL,1439,168.41,59.25
0632 - Level 2 Examinations & Related Services,GA,5401,400.14,98.82
0632 - Level 2 Examinations & Related Services,HI,2881,215.05,118.58
0632 - Level 2 Examinations & Related Services,IA,1778,162.21,102.75
0632 - Level 2 Examinations & Related Services,ID,1275,85.33,99.62
0632 - Level 2 Examinations & Related Services,IL,26174,193.26,104.03
0632 - Level 2 Examinations & Related Services,IN,1443,205.38,97.81
0632 - Level 2 Examinations & Related Services,KS,32,163.69,101.62
0632 - Level 2 Examinations & Related Services,KY,374,367.05,97.78
0632 - Level 2 Examinations & Related Services,LA,13868,211.23,93.17
0632 - Level 2 Examinations & Related Services,MA,50068,250.66,123.52
0632 - Level 2 Examinations & Related Services,ME,12442,125.82,101.03
0632 - Level 2 Examinations & Related Services,MI,24973,163.99,102.08
0632 - Level 2 Examinations & Related Services,MN,24785,155.09,107
0632 - Level 2 Examinations & Related Services,MO,5973,151.24,98.95
0632 - Level 2 Examinations & Related Services,MS,314,309.47,89.11
0632 - Level 2 Examinations & Related Services,MT,7596,126.69,103.81
0632 - Level 2 Examinations & Related Services,NC,1861,153,88.19
0632 - Level 2 Examinations & Related Services,ND,12476,190.17,108.17
0632 - Level 2 Examinations & Related Services,NE,99,367.09,93.35
0632 - Level 2 Examinations & Related Services,NH,11597,210.33,114.15
0632 - Level 2 Examinations & Related Services,NJ,204,306.73,120.44
0632 - Level 2 Examinations & Related Services,NM,5722,156.08,102.04
0632 - Level 2 Examinations & Related Services,NY,32910,250.75,113.35
0632 - Level 2 Examinations & Related Services,OH,28782,245.21,97.48
0632 - Level 2 Examinations & Related Services,OK,48,359.5,91.24
0632 - Level 2 Examinations & Related Services,OR,9360,278.34,113.16
0632 - Level 2 Examinations & Related Services,PA,26014,254.18,104.17
0632 - Level 2 Examinations & Related Services,RI,44,361.33,113.25
0632 - Level 2 Examinations & Related Services,SC,5172,176.31,95.87
0632 - Level 2 Examinations & Related Services,SD,2469,89.99,106.5
0632 - Level 2 Examinations & Related Services,TN,4164,417.33,95.69
0632 - Level 2 Examinations & Related Services,TX,29114,261.44,97.86
0632 - Level 2 Examinations & Related Services,UT,46,269.04,94.6
0632 - Level 2 Examinations & Related Services,VA,20125,350.43,97.29
0632 - Level 2 Examinations & Related Services,VT,2052,408.81,106.17
0632 - Level 2 Examinations & Related Services,WA,14550,343.4,112.1
0632 - Level 2 Examinations & Related Services,WI,34034,147.59,102.15
0632 - Level 2 Examinations & Related Services,WV,3182,314.29,93.69
0633 - Level 3 Examinations & Related Services,AL,56,1325.45,330.45
0633 - Level 3 Examinations & Related Services,AR,70,1261.98,343.42
0633 - Level 3 Examinations & Related Services,AZ,78,3126.22,416.54
0633 - Level 3 Examinations & Related Services,CA,191,2671.45,472.32
0633 - Level 3 Examinations & Related Services,CO,26,2505.72,363.68
0633 - Level 3 Examinations & Related Services,CT,17,742.42,453.91
0633 - Level 3 Examinations & Related Services,DE,88,994.8,403.89
0633 - Level 3 Examinations & Related Services,FL,382,1472.01,369.35
0633 - Level 3 Examinations & Related Services,GA,69,1115.15,291.61
0633 - Level 3 Examinations & Related Services,IA,40,1542.36,356.21
0633 - Level 3 Examinations & Related Services,IL,318,1397.69,366.27
0633 - Level 3 Examinations & Related Services,IN,190,1209.81,369.37
0633 - Level 3 Examinations & Related Services,KS,72,1134.65,350.48
0633 - Level 3 Examinations & Related Services,KY,86,2060.65,338.91
0633 - Level 3 Examinations & Related Services,LA,54,1402.04,316.62
0633 - Level 3 Examinations & Related Services,MA,63,666.03,460.78
0633 - Level 3 Examinations & Related Services,MI,143,696,369.99
0633 - Level 3 Examinations & Related Services,MN,24,1185.74,351.16
0633 - Level 3 Examinations & Related Services,MO,166,1539.38,352.27
0633 - Level 3 Examinations & Related Services,MS,94,1355.08,334.96
0633 - Level 3 Examinations & Related Services,MT,33,1024.8,389.66
0633 - Level 3 Examinations & Related Services,NC,130,1025.52,366.49
0633 - Level 3 Examinations & Related Services,NE,84,913.47,376.46
0633 - Level 3 Examinations & Related Services,NJ,472,1128.76,424.14
0633 - Level 3 Examinations & Related Services,NM,20,3551.06,365.05
0633 - Level 3 Examinations & Related Services,NV,44,3012.58,417.16
0633 - Level 3 Examinations & Related Services,NY,23,898.25,344.52
0633 - Level 3 Examinations & Related Services,OH,445,921.69,344.54
0633 - Level 3 Examinations & Related Services,OK,75,1166.63,340.43
0633 - Level 3 Examinations & Related Services,OR,20,1467.9,411.4
0633 - Level 3 Examinations & Related Services,PA,196,895.34,350.47
0633 - Level 3 Examinations & Related Services,SC,72,1710.16,349.18
0633 - Level 3 Examinations & Related Services,SD,22,830.05,387.85
0633 - Level 3 Examinations & Related Services,TN,61,1685.28,339.68
0633 - Level 3 Examinations & Related Services,TX,253,1661.78,348.65
0633 - Level 3 Examinations & Related Services,VA,39,1031.72,378.72
0633 - Level 3 Examinations & Related Services,WA,43,1698.64,417.54
0633 - Level 3 Examinations & Related Services,WI,150,905.78,384.25
0633 - Level 3 Examinations & Related Services,WV,96,643.13,317.56
0634 - Hospital Clinic Visits,AK,20170,172.87,114.04
0634 - Hospital Clinic Visits,AL,146581,259.25,83.45
0634 - Hospital Clinic Visits,AR,278721,196.8,86.61
0634 - Hospital Clinic Visits,AZ,192196,250.69,93.3
0634 - Hospital Clinic Visits,CA,1552186,275.48,119.01
0634 - Hospital Clinic Visits,CO,258190,252.31,94.84
0634 - Hospital Clinic Visits,CT,300045,233.79,110.45
0634 - Hospital Clinic Visits,DC,83317,215.77,95.07
0634 - Hospital Clinic Visits,DE,116701,71.33,97.7
0634 - Hospital Clinic Visits,FL,810278,224.89,89.59
0634 - Hospital Clinic Visits,GA,371591,227.41,88.66
0634 - Hospital Clinic Visits,HI,68816,150.13,107.51
0634 - Hospital Clinic Visits,IA,342701,174.73,91.11
0634 - Hospital Clinic Visits,ID,324177,113.53,92.42
0634 - Hospital Clinic Visits,IL,1211806,218.67,94.86
0634 - Hospital Clinic Visits,IN,371778,176.12,91.81
0634 - Hospital Clinic Visits,KS,182613,213.43,89.41
0634 - Hospital Clinic Visits,KY,286460,201.08,86.54
0634 - Hospital Clinic Visits,LA,378926,187.92,85.1
0634 - Hospital Clinic Visits,MA,1294665,212.73,112.79
0634 - Hospital Clinic Visits,ME,617024,124.26,93.35
0634 - Hospital Clinic Visits,MI,1243335,136.2,93.64
0634 - Hospital Clinic Visits,MN,746639,163.24,97.89
0634 - Hospital Clinic Visits,MO,636256,188.16,88.69
0634 - Hospital Clinic Visits,MS,167139,222.35,83.6
0634 - Hospital Clinic Visits,MT,286512,113.75,97.23
0634 - Hospital Clinic Visits,NC,921946,200.9,87.66
0634 - Hospital Clinic Visits,ND,369854,149.36,95.62
0634 - Hospital Clinic Visits,NE,56433,223.62,92.87
0634 - Hospital Clinic Visits,NH,451072,173.51,103.85
0634 - Hospital Clinic Visits,NJ,204774,368.35,108.23
0634 - Hospital Clinic Visits,NM,228035,145.92,92.87
0634 - Hospital Clinic Visits,NV,33194,297.29,101.78
0634 - Hospital Clinic Visits,NY,1460710,224.98,99.12
0634 - Hospital Clinic Visits,OH,1341978,166.57,89.09
0634 - Hospital Clinic Visits,OK,269512,277.11,87.39
0634 - Hospital Clinic Visits,OR,275437,160.14,102.48
0634 - Hospital Clinic Visits,PA,820916,225.25,92.72
0634 - Hospital Clinic Visits,RI,80695,256.2,104.48
0634 - Hospital Clinic Visits,SC,218150,186.41,87.84
0634 - Hospital Clinic Visits,SD,300025,122.93,95.99
0634 - Hospital Clinic Visits,TN,190604,209.6,85.26
0634 - Hospital Clinic Visits,TX,1153636,248.4,89.88
0634 - Hospital Clinic Visits,UT,166494,163.33,91.57
0634 - Hospital Clinic Visits,VA,884815,221.91,89.37
0634 - Hospital Clinic Visits,VT,226304,188.77,97.83
0634 - Hospital Clinic Visits,WA,874058,185.72,102.61
0634 - Hospital Clinic Visits,WI,807500,160.71,94.38
0634 - Hospital Clinic Visits,WV,240027,131.75,84.49
0634 - Hospital Clinic Visits,WY,3676,197.32,99.95
0690 - Level I Electronic Analysis of Devices,AK,424,266.57,41.04
0690 - Level I Electronic Analysis of Devices,AL,517,265.46,29.86
0690 - Level I Electronic Analysis of Devices,AR,21114,99.69,30.87
0690 - Level I Electronic Analysis of Devices,AZ,2934,428.13,33.19
0690 - Level I Electronic Analysis of Devices,CA,22707,291.83,42.44
0690 - Level I Electronic Analysis of Devices,CO,9447,389.61,33.53
0690 - Level I Electronic Analysis of Devices,CT,10118,222.4,40.48
0690 - Level I Electronic Analysis of Devices,DC,101,251.03,23.97
0690 - Level I Electronic Analysis of Devices,DE,4123,53.84,35.35
0690 - Level I Electronic Analysis of Devices,FL,17365,171.82,32.51
0690 - Level I Electronic Analysis of Devices,GA,16580,163.49,32.01
0690 - Level I Electronic Analysis of Devices,HI,258,88.99,36.83
0690 - Level I Electronic Analysis of Devices,IA,9988,111.76,33.49
0690 - Level I Electronic Analysis of Devices,ID,4143,66.86,33.38
0690 - Level I Electronic Analysis of Devices,IL,33548,316.49,34.05
0690 - Level I Electronic Analysis of Devices,IN,13158,274.83,33.73
0690 - Level I Electronic Analysis of Devices,KS,7230,211.57,34.69
0690 - Level I Electronic Analysis of Devices,KY,3078,163.5,32.57
0690 - Level I Electronic Analysis of Devices,LA,4004,130.35,32.01
0690 - Level I Electronic Analysis of Devices,MA,19833,444.34,40.99
0690 - Level I Electronic Analysis of Devices,ME,23542,52.3,34.08
0690 - Level I Electronic Analysis of Devices,MI,52281,139.14,34.16
0690 - Level I Electronic Analysis of Devices,MN,31172,178.54,36.22
0690 - Level I Electronic Analysis of Devices,MO,5964,151.23,32.02
0690 - Level I Electronic Analysis of Devices,MS,5502,154.06,30.59
0690 - Level I Electronic Analysis of Devices,MT,7694,99.24,35.41
0690 - Level I Electronic Analysis of Devices,NC,22507,126.57,31.95
0690 - Level I Electronic Analysis of Devices,ND,14794,77.02,34.66
0690 - Level I Electronic Analysis of Devices,NE,648,163.19,33.28
0690 - Level I Electronic Analysis of Devices,NH,13992,166.17,37.38
0690 - Level I Electronic Analysis of Devices,NJ,25077,372.21,39.76
0690 - Level I Electronic Analysis of Devices,NM,1357,136.57,32.16
0690 - Level I Electronic Analysis of Devices,NY,20416,244.03,39.39
0690 - Level I Electronic Analysis of Devices,OH,40331,252.78,32.57
0690 - Level I Electronic Analysis of Devices,OK,21330,131.72,31.4
0690 - Level I Electronic Analysis of Devices,OR,15524,123.09,36.27
0690 - Level I Electronic Analysis of Devices,PA,35248,222.51,32.5
0690 - Level I Electronic Analysis of Devices,RI,2992,138.43,37.98
0690 - Level I Electronic Analysis of Devices,SC,2557,132.04,33.82
0690 - Level I Electronic Analysis of Devices,SD,17443,116.38,34.52
0690 - Level I Electronic Analysis of Devices,TN,5964,226.66,31.54
0690 - Level I Electronic Analysis of Devices,TX,17702,253.31,31.76
0690 - Level I Electronic Analysis of Devices,UT,468,201.25,37.57
0690 - Level I Electronic Analysis of Devices,VA,29230,198.02,32.11
0690 - Level I Electronic Analysis of Devices,VT,2733,164.77,35.22
0690 - Level I Electronic Analysis of Devices,WA,22880,84.95,37.12
0690 - Level I Electronic Analysis of Devices,WI,33451,238.78,35.08
0690 - Level I Electronic Analysis of Devices,WV,4755,103.19,29.77
0692 - Level II Electronic Analysis of Devices,AL,344,788.09,109.38
0692 - Level II Electronic Analysis of Devices,AR,216,226.34,103.94
0692 - Level II Electronic Analysis of Devices,AZ,501,507.36,116.3
0692 - Level II Electronic Analysis of Devices,CA,2755,631.08,157.28
0692 - Level II Electronic Analysis of Devices,CO,508,1117.63,115.85
0692 - Level II Electronic Analysis of Devices,CT,732,705.82,143.69
0692 - Level II Electronic Analysis of Devices,DE,228,264.34,126.97
0692 - Level II Electronic Analysis of Devices,FL,576,478.98,112.44
0692 - Level II Electronic Analysis of Devices,GA,398,702.89,114.27
0692 - Level II Electronic Analysis of Devices,IA,2071,757.84,113.79
0692 - Level II Electronic Analysis of Devices,ID,338,328.91,123.15
0692 - Level II Electronic Analysis of Devices,IL,1875,1021.25,121.35
0692 - Level II Electronic Analysis of Devices,IN,372,797.8,120.27
0692 - Level II Electronic Analysis of Devices,KS,602,1285.21,117.53
0692 - Level II Electronic Analysis of Devices,KY,290,539.5,113.26
0692 - Level II Electronic Analysis of Devices,LA,334,463.71,100.52
0692 - Level II Electronic Analysis of Devices,MA,2139,727.55,146.8
0692 - Level II Electronic Analysis of Devices,ME,841,272.93,123.66
0692 - Level II Electronic Analysis of Devices,MI,981,499.03,121.78
0692 - Level II Electronic Analysis of Devices,MN,647,678.28,129.63
0692 - Level II Electronic Analysis of Devices,MO,1070,710.76,112.65
0692 - Level II Electronic Analysis of Devices,MS,90,432.12,68.39
0692 - Level II Electronic Analysis of Devices,MT,662,335.5,126.85
0692 - Level II Electronic Analysis of Devices,NC,1315,357.34,113.52
0692 - Level II Electronic Analysis of Devices,ND,1433,911.88,125.53
0692 - Level II Electronic Analysis of Devices,NE,152,941.37,121.14
0692 - Level II Electronic Analysis of Devices,NH,476,858.42,135.49
0692 - Level II Electronic Analysis of Devices,NJ,241,674.66,140.69
0692 - Level II Electronic Analysis of Devices,NM,178,365.93,121.48
0692 - Level II Electronic Analysis of Devices,NY,678,512.89,135.09
0692 - Level II Electronic Analysis of Devices,OH,2590,704.86,115.6
0692 - Level II Electronic Analysis of Devices,OK,60,514.62,109.29
0692 - Level II Electronic Analysis of Devices,OR,522,755.31,132.89
0692 - Level II Electronic Analysis of Devices,PA,1083,1079.05,107.3
0692 - Level II Electronic Analysis of Devices,RI,216,438.83,134.92
0692 - Level II Electronic Analysis of Devices,SC,387,523.75,112.94
0692 - Level II Electronic Analysis of Devices,SD,431,408.79,119.77
0692 - Level II Electronic Analysis of Devices,TN,1032,660.72,104.13
0692 - Level II Electronic Analysis of Devices,TX,607,555.24,113.6
0692 - Level II Electronic Analysis of Devices,UT,442,384.22,115.89
0692 - Level II Electronic Analysis of Devices,VA,1203,714.59,112.87
0692 - Level II Electronic Analysis of Devices,VT,80,1208.35,128.84
0692 - Level II Electronic Analysis of Devices,WA,1107,495.8,130.64
0692 - Level II Electronic Analysis of Devices,WI,1009,757.42,119.7
0692 - Level II Electronic Analysis of Devices,WV,810,492.34,108.62
0692 - Level II Electronic Analysis of Devices,WY,29,1966.31,135.13
0698 - Level II Eye Tests & Treatments,AR,494,353.16,86.96
0698 - Level II Eye Tests & Treatments,AZ,116,287.07,94.46
0698 - Level II Eye Tests & Treatments,CA,4156,431.49,132.14
0698 - Level II Eye Tests & Treatments,CO,790,434.06,99.9
0698 - Level II Eye Tests & Treatments,CT,74,555.16,6.52
0698 - Level II Eye Tests & Treatments,DC,109,389.01,96.65
0698 - Level II Eye Tests & Treatments,DE,76,125.21,102.59
0698 - Level II Eye Tests & Treatments,FL,1892,616.54,94.18
0698 - Level II Eye Tests & Treatments,GA,525,253.35,91.86
0698 - Level II Eye Tests & Treatments,HI,355,120.26,109.02
0698 - Level II Eye Tests & Treatments,IA,563,446.68,87.89
0698 - Level II Eye Tests & Treatments,IL,3681,274.27,96.65
0698 - Level II Eye Tests & Treatments,IN,11,327.91,99.73
0698 - Level II Eye Tests & Treatments,KS,109,103.72,95.99
0698 - Level II Eye Tests & Treatments,KY,54,683.81,88.83
0698 - Level II Eye Tests & Treatments,LA,388,281.44,88.33
0698 - Level II Eye Tests & Treatments,MA,3765,320.53,99.53
0698 - Level II Eye Tests & Treatments,ME,518,157.62,85.4
0698 - Level II Eye Tests & Treatments,MI,1768,247.76,92.09
0698 - Level II Eye Tests & Treatments,MN,666,185.21,99.24
0698 - Level II Eye Tests & Treatments,MO,243,383.49,92.16
0698 - Level II Eye Tests & Treatments,MT,102,126.36,88.01
0698 - Level II Eye Tests & Treatments,NC,3760,466.82,92.92
0698 - Level II Eye Tests & Treatments,ND,506,197.42,103.59
0698 - Level II Eye Tests & Treatments,NH,655,528.62,109.33
0698 - Level II Eye Tests & Treatments,NJ,669,462.75,114.96
0698 - Level II Eye Tests & Treatments,NM,106,183.92,86.6
0698 - Level II Eye Tests & Treatments,NY,3639,325.6,101.9
0698 - Level II Eye Tests & Treatments,OH,2825,300.41,90.92
0698 - Level II Eye Tests & Treatments,OR,777,287.1,80.4
0698 - Level II Eye Tests & Treatments,PA,2294,618.12,94.94
0698 - Level II Eye Tests & Treatments,RI,41,722.85,103.54
0698 - Level II Eye Tests & Treatments,SC,841,330.29,90.43
0698 - Level II Eye Tests & Treatments,SD,98,149.34,106.4
0698 - Level II Eye Tests & Treatments,TN,942,497.98,90.05
0698 - Level II Eye Tests & Treatments,TX,2106,320.78,95.2
0698 - Level II Eye Tests & Treatments,UT,522,259.13,89.69
0698 - Level II Eye Tests & Treatments,VA,323,428.05,69.25
0698 - Level II Eye Tests & Treatments,VT,120,325.34,98.49
0698 - Level II Eye Tests & Treatments,WA,533,324,101.2
0698 - Level II Eye Tests & Treatments,WI,1924,233.14,84.68
0698 - Level II Eye Tests & Treatments,WV,280,228.81,82.35
